,name,image
0,RT Ponting,https://encrypted-tbn0.gstatic.com/images?q=tbn:ANd9GcSI1VAdHt919W-UUX73iMHEPiK1d2jrFTnldfW5R6L4kGg7GC81UbaHafcDD78&s
1,BB McCullum,https://encrypted-tbn0.gstatic.com/images?q=tbn:ANd9GcQGbVW54M4-jSk7ZDVznSI8HtURmHmaF8JRJbFESPmXrptCOpkxL0Yq6iWbVA&s
2,DJ Hussey,https://encrypted-tbn0.gstatic.com/images?q=tbn:ANd9GcSTNo6-g8--c_nzk7-uvGpX1r-dB9nbAEzVN8qpIXKTzDygdOJDzIrV2krf2w&s
3,Mohammad Hafeez,https://encrypted-tbn0.gstatic.com/images?q=tbn:ANd9GcQBtmwtjdUb-aAR4hM4rO2scwaEqNiYst-Gi33A1NIYJC-vECpIV_vKwhxsZM8&s
4,SC Ganguly,https://encrypted-tbn0.gstatic.com/images?q=tbn:ANd9GcSUCAS4u-eWHA0RxZqc0yndUCNcYIwPxlgYemsRQPQqYuqqw3OohyqFJQx9-Q&s
5,CL White,https://encrypted-tbn0.gstatic.com/images?q=tbn:ANd9GcQVGCvPFtB5C26P7icZV_3cjFOCcxqvVWrGjcvSvQov2JQWsiwB0h0uUPeEdUo&s
6,MV Boucher,https://encrypted-tbn0.gstatic.com/images?q=tbn:ANd9GcQ8UFmEmpr8T_huMDpNOrnPGVEp8deWfjbJAGNE27L-pvpn85KPxRpy-bM420o&s
7,B Akhil,https://encrypted-tbn0.gstatic.com/images?q=tbn:ANd9GcQAEOESexx0pmgS364aZ7PXSAJlfVAxP1y5RIvzgN_1JLWk4WohsuOm1AHr0jQ&s
8,AA Noffke,https://encrypted-tbn0.gstatic.com/images?q=tbn:ANd9GcRWRNE_7QBemA0JNJj_doKAmP6QgWjEqo7Ud0MTNA_aYhNUN_0T2jWxkJc1lA&s
9,P Kumar,https://encrypted-tbn0.gstatic.com/images?q=tbn:ANd9GcTzB-OUhV58LJE2rgzi6_u5nieMZ6NdqkvaNRpLn8IXADkxfhIiAE6KfTN-VTk&s
10,Z Khan,https://encrypted-tbn0.gstatic.com/images?q=tbn:ANd9GcQ53p3kpinOwJdIskQkwasbgnKBVfjBxlrKqV1xySo3WNMx5HkcHMoiQ2fnGQ&s
11,SB Joshi,https://encrypted-tbn0.gstatic.com/images?q=tbn:ANd9GcS5zfasweeS4ZAYOBHd5QSIa-vU2lnavrZci-9OtdNM1XdGXJ8sI07Tx4ECfJQ&s
12,W Jaffer,https://encrypted-tbn0.gstatic.com/images?q=tbn:ANd9GcSmveOi4C-613ycTnoPsOB02Twpg8SOeMzJZrbsDxh46z7NPmNeDZ_MziQ-zbU&s
13,JH Kallis,https://encrypted-tbn0.gstatic.com/images?q=tbn:ANd9GcQeLegLdnIQRaddXYxOccWIQC4JE_Rk5TdkBdExsmtWVTPB8-iELr9GTc6GDxo&s
14,R Dravid,https://encrypted-tbn0.gstatic.com/images?q=tbn:ANd9GcRH00E37rUMPABRZMschY3JhdJ9a1hPg6X-1IePjb0gZ7_X5hM44G4qHI4h5w&s
15,V Kohli,https://encrypted-tbn0.gstatic.com/images?q=tbn:ANd9GcQ4hdsAeegjxnrOB9lTxXBcTau9SAe6GJRtU84OBVTKhQBilNWjcRw_QoQbG60&s
16,K Goel,https://encrypted-tbn0.gstatic.com/images?q=tbn:ANd9GcSZfjDoRgG2erqYAzwtjpv3PJ6WpsU5hDELzeq1t6QQ_U9MT921lYlIQQS_BGg&s
17,MEK Hussey,https://encrypted-tbn0.gstatic.com/images?q=tbn:ANd9GcRBsVYkARLgZkSUR18l5jhfCbIzxCanQ6VKgtdJBombg5ggzlGYjeyW6x8Zcrs&s
18,JR Hopes,https://encrypted-tbn0.gstatic.com/images?q=tbn:ANd9GcQYGO0iUUFgSQVDFzMVFbd8jUBqKzjePAl_bOU3mgaQU-k10uF3So4aK5I_ypU&s
19,SK Raina,https://encrypted-tbn0.gstatic.com/images?q=tbn:ANd9GcRvZFCZITbLLXgoph5Stw-aanw4ELn74zcU-hrFWWzknM1RExNRVPDX7OJQjw&s
20,JDP Oram,https://encrypted-tbn0.gstatic.com/images?q=tbn:ANd9GcQgv97QIYcY-DbTjsr9MM8W1nJsm2VtIERVv68GYr-MdHEHMR_QAzS02f_-CaA&s
21,S Badrinath,https://encrypted-tbn0.gstatic.com/images?q=tbn:ANd9GcSSan6kffTmfKsCyku9h8SQ4ks-R4vdEXXUGEsf0xQitUmdq3TNJCq4KJXsNA&s
22,PA Patel,https://encrypted-tbn0.gstatic.com/images?q=tbn:ANd9GcTdLZwYUfs0ZAwzpstSIhxfJ5g3uguOmxLr10ncnajru3bry-JwdEWOwIzeD8g&s
23,ML Hayden,https://encrypted-tbn0.gstatic.com/images?q=tbn:ANd9GcTZHH_w1O50dR3OM1xkdMF9NeWgK6taD_FtPjrInWc6EpNGkI_Xc5Cg-6gnUg&s
24,MS Dhoni,https://encrypted-tbn0.gstatic.com/images?q=tbn:ANd9GcTxlxs___EPyWIGucndoKmXnvUaYJhMoTYMvXgYbmjhNmvA8kKbUJINSWe8jA&s
25,KC Sangakkara,https://encrypted-tbn0.gstatic.com/images?q=tbn:ANd9GcS4b7T5ORjVkUZpqhB_urDCb0wIy99iDnpdADGdKLAlTrhZcCXVvmCgKiIiqUU&s
26,Yuvraj Singh,https://encrypted-tbn0.gstatic.com/images?q=tbn:ANd9GcS8hduH5U2w_5zQJNNV1Y2FVtMZ9dWFrbuivR3RSTuAdsExoV1_21-SFP6g2Q&s
27,SM Katich,https://encrypted-tbn0.gstatic.com/images?q=tbn:ANd9GcSCiAbOEf5lCsMa76YIumgDCuGhENfzBNhb4PJF99rdfPS5kXbvnjw10FzTALo&s
28,IK Pathan,https://encrypted-tbn0.gstatic.com/images?q=tbn:ANd9GcTFmT1SxWeZTyc4PWd6yDrxStAZQ38Spk977uYnRvyPfGSaz_O_TA5udc-D-g&s
29,T Kohli,https://encrypted-tbn0.gstatic.com/images?q=tbn:ANd9GcQhDI6Axp0XDXtZitxHS98ncn_omOcn7CK26ce-RTufhyPkEvPD-4s1hxysmw&s
30,YK Pathan,https://encrypted-tbn0.gstatic.com/images?q=tbn:ANd9GcSQWwSkNMftOCZSFenXD1skB4RCsal9pJjocxRLNs5Gxb48pxavDoaGNmPN7uw&s
31,S Dhawan,https://encrypted-tbn0.gstatic.com/images?q=tbn:ANd9GcTR7jxdF59-TndCHXsLHqbmD9FebzR8IHdSQudS0R3R6xtR8e3qCh4YWxC-BS8&s
32,G Gambhir,https://encrypted-tbn0.gstatic.com/images?q=tbn:ANd9GcTRka7ycWrWEt5y_I1xeXknVo6114WrQLRuEv-11_VIHkEFzqJVk4qv7FdMzA&s
33,SK Warne,https://encrypted-tbn0.gstatic.com/images?q=tbn:ANd9GcSBHQt-Oivk21YZpg2VnyHn9fNUTCxUtvvGvp6n1cgcTTTKQGX4fJWmnF28OA&s
34,D Salunkhe,https://encrypted-tbn0.gstatic.com/images?q=tbn:ANd9GcTH1NKvE9xslT7TatTGLlHRk2elYPU3RmhBRZ7IBnsJV2peAbtZfB_-LA0SULw&s
35,SK Trivedi,https://encrypted-tbn0.gstatic.com/images?q=tbn:ANd9GcTmEvfeA2x5smw9OeT3rgvWsGxtRZH1s2udbtL0ekvYrgDLJGZILRgxmQI-5Q&s
36,V Sehwag,https://encrypted-tbn0.gstatic.com/images?q=tbn:ANd9GcR377q18B-AfVOaXJ4Os2Fk8sVgL6cVDJVxgtrGBoHKS09av178BBEDb-cPPho&s
37,SR Watson,https://encrypted-tbn0.gstatic.com/images?q=tbn:ANd9GcS2ngLtMLn3TOXidnRJwTPr-G5kQ_0ekZdPT2tbJj96I5MIf6JJ_sTOFtJgQAg&s
38,M Kaif,https://encrypted-tbn0.gstatic.com/images?q=tbn:ANd9GcQRFuyJ_flzkzTb-1SB9UxLC6LYtgHHv27LNMIGlRSvpVu60xekvy-GHDxiwQ&s
39,DS Lehmann,https://encrypted-tbn0.gstatic.com/images?q=tbn:ANd9GcRbcgZYi_kc4NGld-etDwEWrilwCNepnfa6ptyHmShldUD-26N0gbJvPpXJKQ&s
40,RA Jadeja,https://encrypted-tbn0.gstatic.com/images?q=tbn:ANd9GcTrNRpjlEkLy6yxAzm-Nk1MIgxCpK3_fk8cPRgEUKjFCPhB7-eO7OkC46sqtw&s
41,M Rawat,https://encrypted-tbn0.gstatic.com/images?q=tbn:ANd9GcSqMvKGjCfT58qWhvj1T_s2a7WQAMIsyBPzwReNewijEcBS_KgFA9UVhZ2RHGc&s
42,L Ronchi,https://encrypted-tbn0.gstatic.com/images?q=tbn:ANd9GcTI_RC7Ewhs8QYYuCCwF8zUWZvnpY7s2Ei4xnmMCxC5ujDGA3VwkfpSdUZYuA&s
43,ST Jayasuriya,https://encrypted-tbn0.gstatic.com/images?q=tbn:ANd9GcSvdMEZ4uObgn4fbADZDdHNxfTiukoo92rHW0StVfCLBOsJsfjKe7TJqSvkgQ&s
44,DJ Thornely,https://encrypted-tbn0.gstatic.com/images?q=tbn:ANd9GcSmi4CBNIiZT-2WTHRVADrS5IwhjOjHe39AbEI206F1BJeltN52o6dNxvvM-zE&s
45,RV Uthappa,https://encrypted-tbn0.gstatic.com/images?q=tbn:ANd9GcQxuSWNCyrHF-JSaMqc-z2qDm_vNURBZ3HxG9zyBfuJMfQp09jVfrUBCAGqlqY&s
46,PR Shah,https://encrypted-tbn0.gstatic.com/images?q=tbn:ANd9GcQ9Ta8em9Wdboxxc-SXPzBcGviv3wFKpqpo-fTlCWtwiAffArbnL7yp1cJxFiM&s
47,AM Nayar,https://encrypted-tbn0.gstatic.com/images?q=tbn:ANd9GcR_2mNyq7eIxfY3Zaer0Q7xemE8ABVQYw88GLIaqTZVCeffBzLAAasmpqXGHQ&s
48,SM Pollock,https://encrypted-tbn0.gstatic.com/images?q=tbn:ANd9GcQBGdBghN8yVqu4QCfbO2VDpjR1nF6cG_2nLRT8cSaM6QkJbecgz8YHXvZnYWY&s
49,Harbhajan Singh,https://encrypted-tbn0.gstatic.com/images?q=tbn:ANd9GcTeW7LyrEIDs1AA_yLIw8UJH8aFPtXDHyGDJfF3QSXHrO9JqnS_Q8XJbgIHwD4&s
50,S Chanderpaul,https://encrypted-tbn0.gstatic.com/images?q=tbn:ANd9GcSahVEmw1Wf2AsKKashIuAspluj11RUDyNCG6BKsYB7GQX6fIH_pZ-4OlNrGRM&s
51,LRPL Taylor,https://encrypted-tbn0.gstatic.com/images?q=tbn:ANd9GcTsjBxSViTYtoiAiQM_Vf3IfnXoIfnbqCCo_PvY8_BgnU0-atV-y34V774gcwU&s
52,WP Saha,https://encrypted-tbn0.gstatic.com/images?q=tbn:ANd9GcR24f0yFT4Nan5dQ45hMsRQAFtthT-bcKwpq4RTllzmoyslk8UObr6lWSRKag&s
53,AS Yadav,https://encrypted-tbn0.gstatic.com/images?q=tbn:ANd9GcQnFfSbaISb0Iw5yGHW8SaKRlhCtS-u1sPfR9rX4Dy-l8JEUqOpGzC7DcTDZbA&s
54,A Symonds,https://encrypted-tbn0.gstatic.com/images?q=tbn:ANd9GcSGRwOlCwVID-3Nt-nJtEgCEO4en2WF7CXeB78lDdHZLqN4sdspHqFn0Z8f0nI&s
55,SB Bangar,https://encrypted-tbn0.gstatic.com/images?q=tbn:ANd9GcRkgE7KRbBYI2NCRMyoRjgfCdXHm1VT34XLYTd9iHnMWwTs0czNaIPDekZcSg&s
56,WPUJC Vaas,https://encrypted-tbn0.gstatic.com/images?q=tbn:ANd9GcQ6mahPhSyNYrYQujDucRAgBxZ8bYPJ6Hd3cjmeH3zInCIiS4IrWrG8bTscTQ&s
57,RP Singh,https://encrypted-tbn0.gstatic.com/images?q=tbn:ANd9GcRQe08zIiRKPu6Rsz0e2dK7wto8z8UVSLCJ7vngIkZfOGeTN4ym_-mCC625SQ&s
58,AC Gilchrist,https://encrypted-tbn0.gstatic.com/images?q=tbn:ANd9GcSx06grD_u8Gk3SHX-C3vObxPzDkr4HT7Ns4_Ku1A2iQUpzPvH4y64FsBx86A&s
59,Y Venugopal Rao,https://encrypted-tbn0.gstatic.com/images?q=tbn:ANd9GcS2AvXs632Yk7f7ALuRqSiCsL6fQ7cCoR9MC3EJBJT0ptTWb8i5vb9lm6zt8s0&s
60,VVS Laxman,https://encrypted-tbn0.gstatic.com/images?q=tbn:ANd9GcRtdlvYIc27M5NZX2m83mE1Wk3hKq1gM7w_CIPJmHJ7yo5Ed7ib9peNVGezI1Y&s
61,RG Sharma,https://encrypted-tbn0.gstatic.com/images?q=tbn:ANd9GcS-0HCJOSn4dUv1msOjLK5iCTMsupfr1ep-auRpcJNlz50B8m2-T7ZIC_0cX2g&s
62,SB Styris,https://encrypted-tbn0.gstatic.com/images?q=tbn:ANd9GcQA7s9A_UT383jLa85JJT31Qzop3dMnQS80v5OXtDQrVh6oZpSpbO4SfKDsX08&s
63,LR Shukla,https://encrypted-tbn0.gstatic.com/images?q=tbn:ANd9GcQ3yUkHlz3xXCXY9g0rJud6s1MOun5WbjgYLWSFDCpkYXahJT8YQaJAwKjkSmY&s
64,PP Chawla,https://encrypted-tbn0.gstatic.com/images?q=tbn:ANd9GcSyq5-NkfBihmsnEhMGgu3XZliSVJZKABSn2csSpJdCGZVO1vG2wGnu39b7ThM&s
65,Kamran Akmal,https://encrypted-tbn0.gstatic.com/images?q=tbn:ANd9GcTQA4d-h8npgiuD9WDN3aeFeVXJxkNEy-VILkBbmt5bQgsIR2rd4mQDLEmA5Q&s
66,DPMD Jayawardene,https://encrypted-tbn0.gstatic.com/images?q=tbn:ANd9GcRDhwt3WkB9A2DD_AxlgmXPq14N3-sqvgCkoiGRfy_XTdKMMYDYIghKsW26EWQ&s
67,S Sohal,https://encrypted-tbn0.gstatic.com/images?q=tbn:ANd9GcQ8qIGetBJkE43epmL2Qa-3_2r9teymyTEjjvqLwdZiB3pMMSrup1KT3QUMkA&s
68,B Lee,https://encrypted-tbn0.gstatic.com/images?q=tbn:ANd9GcQqaQhpvKDYjfd6aQ_FtYkm3kvZkzKi-jm7z1e7J-nSwRhFeF5jX6ezce7a&s
69,WA Mota,https://encrypted-tbn0.gstatic.com/images?q=tbn:ANd9GcRV__suQ5SFixTYcNkx6lbgHoEMfQS79TBMzPdkxm1qEU6ktWE39oEOu8BvOsI&s
70,Shahid Afridi,https://encrypted-tbn0.gstatic.com/images?q=tbn:ANd9GcTKR002sHWDrvmvlg2aGFm3AYoFf2W-7TILE5D1ZyI2-qJDXLbWulabcjCx5rI&s
71,DJ Bravo,https://encrypted-tbn0.gstatic.com/images?q=tbn:ANd9GcTJU-uW1ZGP4h_Ox5IJAgm49qLDIjZaas9K4dM6V3unCYSMq2NWXOFSpBd_FQ&s
72,A Nehra,https://encrypted-tbn0.gstatic.com/images?q=tbn:ANd9GcRoh3lxjHZfctg6mDu2mkvYLr_VTUq-Dq1TYZf6iWVL7Q_YdZNYWWgmNAIP4A&s
73,MA Khote,https://encrypted-tbn0.gstatic.com/images?q=tbn:ANd9GcQbplHHiaM33_lvSuwm5_yqDlsfTEQHD-c8dRe0DR-Fyq879j0wQIZXwBOUeJ0&s
74,GC Smith,https://encrypted-tbn0.gstatic.com/images?q=tbn:ANd9GcQhENYGgeIer23NjxGknM5pU6EmFanxQjUlk0CoJhFcqxXWM1HBCjzrgjyIbg&s
75,Pankaj Singh,https://encrypted-tbn0.gstatic.com/images?q=tbn:ANd9GcQSmbUMtxr65Mo5c1uCVVFukZHNNOh7nJHjFFDat2re_XBtHdnuTeSlNMqScA&s
76,S Sreesanth,https://encrypted-tbn0.gstatic.com/images?q=tbn:ANd9GcSqvPG_wwP1YfYdioSxWZxjQfmoLWsHEHQrf54-8aF1HlUOEaf1Eezc5pPNnQ&s
77,VRV Singh,https://encrypted-tbn0.gstatic.com/images?q=tbn:ANd9GcSU25m0F7PYvKgs_9_CjnNqAGGZN39JPMRxDexLUBq_CT7pt3Uj572Q_sco-Pw&s
78,SS Tiwary,https://encrypted-tbn0.gstatic.com/images?q=tbn:ANd9GcR8cuQ_0LU_hNS2ii2FIQ-oKRG-t3qva5i-Wa0AP2Ct0OaPW88VrHJVlfUiDQ&s
79,RR Sarwan,https://encrypted-tbn0.gstatic.com/images?q=tbn:ANd9GcR8_c3Ppg6zOt9z3GNrTyQwpVEue5g68myE7ruHKhhaL36FTzLWfZNXA2ynfRA&s
80,DS Kulkarni,https://encrypted-tbn0.gstatic.com/images?q=tbn:ANd9GcQ5ycPEeXC65z4tDdm5uRYR_Q1ucakNimpuw0F6ffQmlTj-zo2TfeNLIxT8D44&s
81,R Vinay Kumar,https://encrypted-tbn0.gstatic.com/images?q=tbn:ANd9GcT7rO5teDIQe-Tm87stqHivgxo4zlACdu9IymVHHIiRo3S2y8OWphJi4zgMFrc&s
82,M Kartik,https://encrypted-tbn0.gstatic.com/images?q=tbn:ANd9GcQ9BY1RuaEjlz8QvyQBndsWI0_eVr7kwZ3mHOFv4qOeSSEC4zFfyqB3I5etNA&s
83,I Sharma,https://encrypted-tbn0.gstatic.com/images?q=tbn:ANd9GcROiuft2UNF8X-Dk5Vnxv739w11QrTlRCbebXf_iKH4hcA3xCoNVnWHJ7NpeQg&s
84,AB Agarkar,https://encrypted-tbn0.gstatic.com/images?q=tbn:ANd9GcQjF2sxyKrNVBHgpe_bcigmYSaSQnrNZBHeuBdZYBGAcsR9yiStdE-Tpuaxiu8&s
85,AM Rahane,https://encrypted-tbn0.gstatic.com/images?q=tbn:ANd9GcRg867iJPMavdfc3N-ur-Tb9h59n_6pn8NeTYbblvnFKp2ZLEAx_3EYpMcI2w&s
86,TM Srivastava,https://encrypted-tbn0.gstatic.com/images?q=tbn:ANd9GcSGxivSnrytUzwjzKVKz-8A_8ue1-3lBzOioabXwDKG31oiPzduy7W17Cm9Vbw&s
87,Shoaib Malik,https://encrypted-tbn0.gstatic.com/images?q=tbn:ANd9GcRacmsKNl82-fnAFQnwY_acug6cMRcafM-QHFlsrKE1DzpddznrkYjobu9mp74&s
88,MK Tiwary,https://encrypted-tbn0.gstatic.com/images?q=tbn:ANd9GcT8rISIirrVbcKqPyUYGE2183W_qBmC6fQBU3LDu0kZLFzWnF1eD1hhPt3cqw&s
89,KD Karthik,https://encrypted-tbn0.gstatic.com/images?q=tbn:ANd9GcR2dQYPYoYJLXJbFCNRmkNvn-X5usg0h-JGUHlwschHTe8uI9v_liJTzt_1JcM&s
90,R Bhatia,https://encrypted-tbn0.gstatic.com/images?q=tbn:ANd9GcTMKdy5dMZ7_Yy-SWzFWfEbD79S44fj0UTY81IfjoqD_eKNxeOIpE5j0rN0Vp4&s
91,MF Maharoof,https://encrypted-tbn0.gstatic.com/images?q=tbn:ANd9GcR3ufbWEdQCf1RTyb8Tiuf6Ckvh8xPUWFYZiFP7Fn8--fM97wsEo53-Gk5YZ2k&s
92,VY Mahesh,https://encrypted-tbn0.gstatic.com/images?q=tbn:ANd9GcTyhH2nPrH0oRApDIPPckWWEI7UKVYgqmOVO3ALIgxrR5l-DDNwJVXwIIfKEZ0&s
93,B Chipli,https://encrypted-tbn0.gstatic.com/images?q=tbn:ANd9GcRiKdx5VX-sLKcP1NP7q22mpvXAdutjq8j5jLuHtVgq3DzbQwiVhZgK66sk&s
94,DW Steyn,https://encrypted-tbn0.gstatic.com/images?q=tbn:ANd9GcQTSMOT0TZxUvtpZcuFcFJfvbTkRsQlC7OAL2CGx-qFukTF47n6ZuortKtCiA&s
95,DB Das,https://encrypted-tbn0.gstatic.com/images?q=tbn:ANd9GcTUou05xfdN_HdKJQ8ZJ10LUffMfCHjCOaDHlAN4C2Vrva4fTjcRw09OHj5Ix0&s
96,MK Pandey,https://encrypted-tbn0.gstatic.com/images?q=tbn:ANd9GcQKrgvCvMWH-deQi35YkXHyu_BmJMzgbJF4pX1jR3uiBqLe3-eRv15IV2IC7A&s
97,HH Gibbs,https://encrypted-tbn0.gstatic.com/images?q=tbn:ANd9GcR9JGT49S366AKDpImNGgm0ZSXAbYVY5hpH1cwIGlHrV-mfi7fiNC9lGqpFOg4&s
98,DNT Zoysa,https://encrypted-tbn0.gstatic.com/images?q=tbn:ANd9GcSHrnFBacwjLZXdAM1pPMEBq4oXHKLkq4rQ6Kk2d6v3qCxZEUT7UoZ_miTXIIw&s
99,D Kalyankrishna,https://encrypted-tbn0.gstatic.com/images?q=tbn:ANd9GcTHfUX9tMJkrEzFNZKlRvvyUhkMNJnvfMIEC8uyTMar2KTWEcvX_qy4TohOgA&s
100,SE Marsh,https://encrypted-tbn0.gstatic.com/images?q=tbn:ANd9GcR8FxJKM-dfpNyqt25SCXbrQWKAG4rVCQLFQ2ThdedN7-6kNTeSoTyCE3PI4v4&s
101,SA Asnodkar,https://encrypted-tbn0.gstatic.com/images?q=tbn:ANd9GcQ2kstslMQFye8Fxlpvt74hanQmeGbbTNAsKaesnsFBHODWod5tdF_ZCLdhPg&s
102,BJ Hodge,https://encrypted-tbn0.gstatic.com/images?q=tbn:ANd9GcTJv7MzvKwx67LO8qxDgjDnvEPBmCUJHYo5Lj5xgDdaMjeJEFUNlgptP7eBKg&s
103,Sohail Tanvir,https://encrypted-tbn0.gstatic.com/images?q=tbn:ANd9GcRfGpbvh01t5FPFVHk1P590A6MwGXS08gyTlXMJ0PKu2aibTqMHPqcBa0FYGg&s
104,Salman Butt,https://encrypted-tbn0.gstatic.com/images?q=tbn:ANd9GcQccZqKZWX8eVT0tRgv_LVnMBpZY9duVN9U-J5UbaOpxkZr13pDZ4cgLwsFLFo&s
105,Umar Gul,https://encrypted-tbn0.gstatic.com/images?q=tbn:ANd9GcR2Zv356tUN8wj_UQay6deWZZEhkrhCWbRB__Bk1-4Pyq0D_WTTmMrACrapCg&s
106,AB Dinda,https://encrypted-tbn0.gstatic.com/images?q=tbn:ANd9GcT0E5iSLFI9PMQFU0-VCDg-2ZClv7tJ-rlyp-sZln-lP4Eut0npIGt_LNSBoY8&s
107,AB de Villiers,https://encrypted-tbn0.gstatic.com/images?q=tbn:ANd9GcQPOQJJI-jzK1YlslDehvP95mB7U_fm4dZdBMpP2GXwnx9Sn7kLN1XQ0XFmUA&s
108,SP Fleming,https://encrypted-tbn0.gstatic.com/images?q=tbn:ANd9GcR_c7SvBh4DHMdLtz3FBL3VSXUn9kwe3CTYNUkDeFMZ37JsxKHLdxNIM10pzQ&s
109,S Vidyut,https://encrypted-tbn0.gstatic.com/images?q=tbn:ANd9GcTWC5iUaAziJmv9GqljKLKoo0tswssDjh9rgFnN7DoP6ViYVSe_ZznhMfWeAC4&s
110,JA Morkel,https://encrypted-tbn0.gstatic.com/images?q=tbn:ANd9GcTEtL4_FPExOZhCaAvTlEJmaY2m9xhr7Pgz5UBGK8u4w31ywDAm7myn9dJLAZA&s
111,LPC Silva,https://encrypted-tbn0.gstatic.com/images?q=tbn:ANd9GcTsdmH2shqU8o5GF23X5tl0-oH4hEZCdlO2mY7gOvumbLpSkNYErmZA9ec9Vw&s
112,DB Ravi Teja,https://encrypted-tbn0.gstatic.com/images?q=tbn:ANd9GcTwVHP-gAvTkvnCt-x7LkLoLVFN6q3hEq6eYK5J5v-ylTNFU7d6NFQUy0sHR4k&s
113,Misbah-ul-Haq,https://encrypted-tbn0.gstatic.com/images?q=tbn:ANd9GcRibHZGtI-Xz-HoG4JTgz2aXT4OVdqYZF03bQ8lTNE4StnVNwNpN5xxd1-Lpug&s
114,PJ Sangwan,https://encrypted-tbn0.gstatic.com/images?q=tbn:ANd9GcTcKoc8fR10GXrihlvXK-C3QS2KrEd2l2OBq4C776QFMXzqqdIUoGKOO8GYbw&s
115,YV Takawale,https://encrypted-tbn0.gstatic.com/images?q=tbn:ANd9GcSsJr1SC22k2-elG9sT0570KTJpQ6QNF3Oxi7KBxZjA9MGzhjz4KHHykRS6quM&s
116,RR Raje,https://encrypted-tbn0.gstatic.com/images?q=tbn:ANd9GcSTOYj7xRzMxWLfQRwFgbkZ6d3odWkOmfKK-LuGp6UZPz21SSdEELPE77-3f04&s
117,Mohammad Asif,https://encrypted-tbn0.gstatic.com/images?q=tbn:ANd9GcRMBx0Ctq-pesUc1mWtjVSUa78YD88E-pAXGrJ2S6ObysU5VxbV27UJ7gO9aw&s
118,GD McGrath,https://encrypted-tbn0.gstatic.com/images?q=tbn:ANd9GcToP_6vAGiwcbu0MkKHklFYCL_9mQqQZ4P1fjonf6Ro-60_WvgQxswj7Q_xGEE&s
119,Joginder Sharma,https://encrypted-tbn0.gstatic.com/images?q=tbn:ANd9GcQ0Z3d3rwGjLCv5XtIXF6UDerCJndRIvIzs8bi7AfB6MYUyHh5_xADsID6782k&s
120,MS Gony,https://encrypted-tbn0.gstatic.com/images?q=tbn:ANd9GcTL6IhsiAGrDV6OCouiye4VQ4fpcYTcKgvwSPq9-CD2kmcs9EefPlMYz9gAyoE&s
121,M Muralitharan,https://encrypted-tbn0.gstatic.com/images?q=tbn:ANd9GcSjF3xGh9bFVV-5No7sM385cE9IT0WCQo2Qte1bzx4UmL84nsePDBYg4SNdals&s
122,M Ntini,https://encrypted-tbn0.gstatic.com/images?q=tbn:ANd9GcRw6arnJ7CJSGWiZ2zkE2lombjyAcRXyiAq0Ia3_gLjSgnhXnc4Egd4geJG0w&s
123,DT Patil,https://encrypted-tbn0.gstatic.com/images?q=tbn:ANd9GcRGF7qwzG0Bqc2-2hqKz1EaMvUT2hrD58iuUBxBl4oWbK4UAtMHKq5TjOFYX6A&s
124,A Kumble,https://encrypted-tbn0.gstatic.com/images?q=tbn:ANd9GcSUcC8ODeRy6Xye7l8mNeFCqYCzOjF7-XzHnGePHsDOIh19EH5Ry737nHSrIg&s
125,S Anirudha,https://encrypted-tbn0.gstatic.com/images?q=tbn:ANd9GcSdcOedTLBjcuc_LEBMcssEhEKWORTgkyz25R7pAVXt27ACOgD8Nfxv-28x6WE&s
126,MM Patel,https://encrypted-tbn0.gstatic.com/images?q=tbn:ANd9GcQ2p34DcRYbV_7lkvglxOkRsZkPGn4GLX5n2FnHi-adh7ho9C0COw-dvo8iCg&s
127,CK Kapugedera,https://encrypted-tbn0.gstatic.com/images?q=tbn:ANd9GcRqsTTCSiItf3KudyuDIqqJCqT6gAFEFTUoN2f33RcvZ6pmDdCZ1R1lvbC2Kg&s
128,A Chopra,https://encrypted-tbn0.gstatic.com/images?q=tbn:ANd9GcTUf1X8z6WubNvlh_e9GR-srJH7MRgqG8XOcaxTXPRXj2Jym3-RTUqJucsA3w&s
129,T Taibu,https://encrypted-tbn0.gstatic.com/images?q=tbn:ANd9GcRuRBo7h8yv39FI2S3AE_7I5UZOpRzl1u2uM2e-OiGkPIpP27fPE9QIaEbPv54&s
130,J Arunkumar,https://encrypted-tbn0.gstatic.com/images?q=tbn:ANd9GcQ7Ebnt-mNUXOYzC_CagP824WDjLnMkxLgnhxAJb9nYPAvETpS8f9R7inE6st8&s
131,PP Ojha,https://encrypted-tbn0.gstatic.com/images?q=tbn:ANd9GcQyDKH1ayb4QZueNJCCpg48RXqc4nkqFOmjMEOfU3GmyGI59998sNfF9H_jdw&s
132,SP Goswami,https://encrypted-tbn0.gstatic.com/images?q=tbn:ANd9GcSJ_g__qChL01E1ryHsS1iMZViTcZ8yHGzNyWZpRn6gqqAptA6DY7Kpfvum3g&s
133,SR Tendulkar,https://encrypted-tbn0.gstatic.com/images?q=tbn:ANd9GcSEtTcGcyjshOM1cTt4qCKH-aV7YDBVsGLudVZwK_-1zos-hUimx2fn0nNEGVE&s
134,U Kaul,https://encrypted-tbn0.gstatic.com/images?q=tbn:ANd9GcQWyUB3jnqcjMe9apreHQo5vh81t4dXRx6HzKqg29pKklKIJU38ZxrgSfX-Tg&s
135,Niraj Patel,https://encrypted-tbn0.gstatic.com/images?q=tbn:ANd9GcTSEp5fY_mm9kZWTSHtrzka3nRG1htXzPQ5p-8hufESqJTqmT6R9RAMqYlJ0sc&s
136,AD Mascarenhas,https://encrypted-tbn0.gstatic.com/images?q=tbn:ANd9GcRQOfUr6mJQF5wxygZOiW08SMOdsW4G9XzbZhnLu4xSlLdxP3QNRWFkzp74tA&s
137,TM Dilshan,https://encrypted-tbn0.gstatic.com/images?q=tbn:ANd9GcRH2bIblPMtGnbWVfzfOSo_1E1H7vRRfvj8ZstKBqSBAJkm2lT0QmwkzJA_Qg&s
138,A Mishra,https://encrypted-tbn0.gstatic.com/images?q=tbn:ANd9GcT3z3lyOneeTkiFd0eE6wGd46FO-2VYWOf2Zt6dbBhkf_8jU7E8onl49SpBR5Q&s
139,LA Pomersbach,https://encrypted-tbn0.gstatic.com/images?q=tbn:ANd9GcRG5rSE4_e2b8vdhenDxoWy7ErPr2rW16LQznRTBxmJW_DbcrfeGtwJIWIuvQ&s
140,Iqbal Abdulla,https://encrypted-tbn0.gstatic.com/images?q=tbn:ANd9GcT70EwkOkm5Dpd3U16_3YvvuWQX_eteV_gqz0iblSIm6snxCCYIib3TXENrOTQ&s
141,Younis Khan,https://encrypted-tbn0.gstatic.com/images?q=tbn:ANd9GcRBHVJckK_XZ0stXNIqLVm486pvwURoPnXxwgWljLGmGTK2ta2pS7-3y24rwcA&s
142,PM Sarvesh Kumar,https://encrypted-tbn0.gstatic.com/images?q=tbn:ANd9GcSDaS1pm3XbHS6OMPPIQc6ec1_PoGavG0mXyZkitA2-LDssuy3ovU-DFl2tAxU&s
143,DP Vijaykumar,https://encrypted-tbn0.gstatic.com/images?q=tbn:ANd9GcR_WA8zDXgzEqXmWx0X2JThIJilNFHlvtGBacmn9W75FBiBzMvgb5tEw7s2Xg&s
144,Shoaib Akhtar,https://encrypted-tbn0.gstatic.com/images?q=tbn:ANd9GcSETCjhTXBc-QqrDja-yQaLhFEv3ftYjMBdhol5lLRx44q3a13SOe2Gd7ze9jc&s
145,Abdur Razzak,https://encrypted-tbn0.gstatic.com/images?q=tbn:ANd9GcSZTCdLkMV8ifC2SCRMsTMLnqmVMOCDMBdgMdZCkdoanKpMFpGYzaG-x0RlPxU&s
146,H Das,https://encrypted-tbn0.gstatic.com/images?q=tbn:ANd9GcTi0FT-0FuDLSom8ZpHc_2Ejd4KeNULAfoJAqiDVlSLfltGmsmWZUuYmqqkkQQ&s
147,DR Smith,https://encrypted-tbn0.gstatic.com/images?q=tbn:ANd9GcS4oz1uBufvNSZw1Lo7rerWXblycrxkqIbaUg1r9gbGo1kzVRfr_yslyM0UVg&s
148,SD Chitnis,https://encrypted-tbn0.gstatic.com/images?q=tbn:ANd9GcQkohaQq8q1beZhO7ZkTMM88UtW0Bqtbt9YoLym7ISfEvDgkOhLJjOeQ47KnUg&s
149,CRD Fernando,https://encrypted-tbn0.gstatic.com/images?q=tbn:ANd9GcSbaGEdI6jkS78Uwek8ZZ5aJaZh7sMbfGuZ8urYKQlgtlBqaa8mB1ux3CNuHKA&s
150,VS Yeligati,https://encrypted-tbn0.gstatic.com/images?q=tbn:ANd9GcRxdsnGutmkLEaK9qWB_FBH8XIcUHUNqwvKWuzE9pygJxhl80mOPZqb2ViLpZo&s
151,L Balaji,https://encrypted-tbn0.gstatic.com/images?q=tbn:ANd9GcRs3hJRxFXAzBmc6V7ACu2Y6aUsicB_9HrYADTSfiGi_Bx4hgkKBlT8F7jsImI&s
152,A Mukund,https://encrypted-tbn0.gstatic.com/images?q=tbn:ANd9GcTauzwcf3DjpZ9PIgluyFSCGUIn_UFmAlHg31reaM60hFPJ-BOUDOxPBphMOg&s
153,RR Powar,https://encrypted-tbn0.gstatic.com/images?q=tbn:ANd9GcTMDZnTrB0bHO0Zc6HB5gCXIeWeXRZTCYtC_juXWpUPKRl45doUc3hbhJ5dMQ&s
154,JP Duminy,https://encrypted-tbn0.gstatic.com/images?q=tbn:ANd9GcTsFnt11q_cKMcl6-F8aT7kHbyYunaNmTr1PbHFMQxSjffmSQeAiff8T1ssIdo&s
155,A Flintoff,https://encrypted-tbn0.gstatic.com/images?q=tbn:ANd9GcTOg30WmlFSc0MQ96Gat32q3HBWyHUNyiyRSTgaKke7s6WPG60uEoTzYEN0uw&s
156,T Thushara,https://encrypted-tbn0.gstatic.com/images?q=tbn:ANd9GcTWClCpVoPw6_O1SjSPk_p9AC2gWc_hEH-u0Ypi1FhkWUQSI0E9k_dvZweiO8k&s
157,KP Pietersen,https://encrypted-tbn0.gstatic.com/images?q=tbn:ANd9GcTUrSw7PZMYX1JCshccoFNSZyM_qoOwSv4LbxQyZm_7RWvusnLG2-nvcUvDhQ&s
158,JD Ryder,https://encrypted-tbn0.gstatic.com/images?q=tbn:ANd9GcSG0Be0FrQIZOMa3U_BkXekv3HaayTK_SVmXktlg2c1sJVmL7jNaTvP-hdGxJc&s
159,T Henderson,https://encrypted-tbn0.gstatic.com/images?q=tbn:ANd9GcRMv1B6vrO0kOMU5I594pCKlCN3EHPz9Y65n5YcnMq4hd0DKk322yXeicZ8kKc&s
160,Kamran Khan,https://encrypted-tbn0.gstatic.com/images?q=tbn:ANd9GcRzigX7Aj2_okxbWHX9EYzmuJUAyFWHLByVmd_iqC5Tow9Yqg1t_mHaxED4Wg&s
161,RS Bopara,https://encrypted-tbn0.gstatic.com/images?q=tbn:ANd9GcSN7Ct3zk4TTbwhPBhdP0JsunExMkMjjUfBdt4RD3__hL-MI2fYO1QHi4LfiRY&s
162,MC Henriques,https://encrypted-tbn0.gstatic.com/images?q=tbn:ANd9GcRxXROeH6U2rwe0WoeRRCEG7wtdWdP0sap1zryU73YvUHjOFBPgR1pJ227azw&s
163,CH Gayle,https://encrypted-tbn0.gstatic.com/images?q=tbn:ANd9GcSU6_rm4o17Dq1NcNFLjsc2pXD4wAX1va-e01cuzcBKCVxzhkSUXSEeA4YQgS4&s
164,R Bishnoi,https://encrypted-tbn0.gstatic.com/images?q=tbn:ANd9GcTTTyl-6isk9z6B2JSOJ4lzjABji5vR6wk2FrXuJ7KCx7ILz26SBnHbLoZRyA&s
165,KV Sharma,https://encrypted-tbn0.gstatic.com/images?q=tbn:ANd9GcR19YgCoC1XseqVvDpqGXbM6oE174FjEZ2UMwunLYQatfypqS4geIpG3pwv_g&s
166,FH Edwards,https://encrypted-tbn0.gstatic.com/images?q=tbn:ANd9GcSAMpI_QamJsJGcguvKdVmxyX00RVHx9HUV5UZcat08nnj2ID-luKmX2gCbVw&s
167,AS Raut,https://encrypted-tbn0.gstatic.com/images?q=tbn:ANd9GcRg7RzDKPxwm78r0lCxuv5trXraCMkxXcWMMn8ZWZMDJq3g6vXjnn7_80LZ-Q&s
168,PC Valthaty,https://encrypted-tbn0.gstatic.com/images?q=tbn:ANd9GcQGlNkM3IRWND04ztiWaA1XFqeL6IHziMYUcMM6zhJzrc2HiuYKMCVIK0JdpfA&s
169,RJ Quiney,https://encrypted-tbn0.gstatic.com/images?q=tbn:ANd9GcTH7DZkUJTh2LJ72NwEBWcgLibliKOS3kXLEp_QXiun54O2TK_eJi18otIV4fM&s
170,Yashpal Singh,https://encrypted-tbn0.gstatic.com/images?q=tbn:ANd9GcQ7L-4WL7sMjwU2_XwOhUVeqzJ9zUUaXOFZsfH-ImNeZMaHZ7BpM6YxCVeHtvg&s
171,M Manhas,https://encrypted-tbn0.gstatic.com/images?q=tbn:ANd9GcQxXeHHJzbZgLv6s2so_fnqM-AiCkmfkkbrhp5hauSpQWvAgvQLE1nueOA4yYA&s
172,AA Bilakhia,https://encrypted-tbn0.gstatic.com/images?q=tbn:ANd9GcS6JoiyaQDWT7VwoKDD4kbNHLmu5jbVgdG17XkXTqQwjwtZjwwnNYLovKF72Q&s
173,AN Ghosh,https://encrypted-tbn0.gstatic.com/images?q=tbn:ANd9GcSuUZIzkKLimZC_yn02lPoU85_o2fqQoYzZ2PHBP5Z1tbqLfzolwJI6_KswU-E&s
174,BAW Mendis,https://encrypted-tbn0.gstatic.com/images?q=tbn:ANd9GcTrv1qll76V9Ttiibd1RAFohSqf6XO5tWIPnfaVkO9XcVtLbbtIZqr_mgaXTw&s
175,DL Vettori,https://encrypted-tbn0.gstatic.com/images?q=tbn:ANd9GcRxJV-oQJj-_5vV_vmGv90qcIGD75G6z-wNA9vFcD4kNlaOmP2Bw7QaDu1QmvE&s
176,MN van Wyk,https://encrypted-tbn0.gstatic.com/images?q=tbn:ANd9GcRv-Z0zJHb8AliF-P4V583ppb4HWYYlpBoK1h3etjwZ95be_Xh999K41hIMkQ&s
177,RE van der Merwe,https://encrypted-tbn0.gstatic.com/images?q=tbn:ANd9GcSEy2NlwKOk0q4a6HHMRG-u96jsAF5LfG38L6R4mJ5JNrHm325VQUZ1HlLt7A&s
178,TL Suman,https://encrypted-tbn0.gstatic.com/images?q=tbn:ANd9GcRYHJTo0Nv2H1_eKdQM94Up7iWk465ZScmxZLfAY6xRHSDCrivah8YCrmWVIA&s
179,Shoaib Ahmed,https://encrypted-tbn0.gstatic.com/images?q=tbn:ANd9GcTBo9vzVB6eyKRY65pRTmmhkq6F2meMGkwRkPnlcDEfv6LwBmw3MtbbOJiLtA&s
180,GR Napier,https://encrypted-tbn0.gstatic.com/images?q=tbn:ANd9GcQ6_DSWeuOjPBWb-bjXEKMy3tCN31BC2h1auQ9v1mZ7QKj5aEpc0uWCyRM8bQ&s
181,KP Appanna,https://encrypted-tbn0.gstatic.com/images?q=tbn:ANd9GcQjPloz-df5XqxuZ5WKbPcQCi9Y613waq4zhdGLoiMN16N6GkVdq2FoWMku-w&s
182,LA Carseldine,https://encrypted-tbn0.gstatic.com/images?q=tbn:ANd9GcRH2WaL1uY1n2FsIted53Hdv26wYW_mnkCIvVIb9WZzWcpc3yrLXKUwAD9rhg&s
183,NV Ojha,https://encrypted-tbn0.gstatic.com/images?q=tbn:ANd9GcQXdenVPfzQbN6gfEHNwaBbDz_H9J__2bzRzKVmFnLrvKaaMmCKNI20fCsD86M&s
184,SM Harwood,https://encrypted-tbn0.gstatic.com/images?q=tbn:ANd9GcTFcfe3zUSbBmjT9hSNY_fcCeWAMlvIUZQ_eWrl2jTyXGQzb3OGE2BhxwYsjuk&s
185,M Vijay,https://encrypted-tbn0.gstatic.com/images?q=tbn:ANd9GcTMVBo3uYgyWY2qRM6EK9Syh2LtXLrkFjfj3VcNJXa-jZhnnyH6DCZJb3x3_A&s
186,DA Warner,https://encrypted-tbn0.gstatic.com/images?q=tbn:ANd9GcTUApXZkUUetp2-Y_ED30J7JzmQxSr66l9ivQmA4HgDgnoQj9cYXuQoL3wr2qg&s
187,SB Jakati,https://encrypted-tbn0.gstatic.com/images?q=tbn:ANd9GcR0HUEA6c2a_dl0WfcEbEftQthIyEN-BVj6IuQe3PZArnSlvc2TkqJINj3fGA&s
188,RJ Harris,https://encrypted-tbn0.gstatic.com/images?q=tbn:ANd9GcS5StIo2fx5TfEeVpYVnowinrI_wWGsUEi18K6Bxa_BP_n3nDOqDHVJSPeGCOY&s
189,D du Preez,https://encrypted-tbn0.gstatic.com/images?q=tbn:ANd9GcSWG8zdTdILbH3wnsakKE4IuE1hcsfq3MFmZT41G0NNvpBcYntKkYzgoUtweyk&s
190,M Morkel,https://encrypted-tbn0.gstatic.com/images?q=tbn:ANd9GcT8cUkekGEVBoctRT2tKyW32pDZjowjhpRW49FH_bLEbheZEkLy9yREKRl0Pwg&s
191,AD Mathews,https://encrypted-tbn0.gstatic.com/images?q=tbn:ANd9GcQtiCkifmiUpZFXXqF-ilnmNXTbOb3wIjCVIeQikB8Qld7Qc2zlV7IzZWJQ8i0&s
192,SL Malinga,https://encrypted-tbn0.gstatic.com/images?q=tbn:ANd9GcRm6_rzeqdqs5haaKmqXLe0Xm6vLAON7O_9vzrSmqJXZ_xPPMyO82TJ2oL7oLs&s
193,C Nanda,https://encrypted-tbn0.gstatic.com/images?q=tbn:ANd9GcSKBxnNh2uhAl7F7s5noB9ilzSVXQoD5WtAgtHrTryZK5CIjmeh9tZ4DkU1Nw&s
194,J Botha,https://encrypted-tbn0.gstatic.com/images?q=tbn:ANd9GcT0kPyx70g-Xo3gwog1btgKdEZZN8BZkyPxFLYuapceIecL2fW0nEFAcB-nbac&s
195,Mashrafe Mortaza,https://encrypted-tbn0.gstatic.com/images?q=tbn:ANd9GcRH4RHhz_-2-t850HIbQrpzQa93uUcpm0G_-_mCoeliHhX8yZmdfEUEOyY3FuM&s
196,A Singh,https://encrypted-tbn0.gstatic.com/images?q=tbn:ANd9GcT8G2CP-47qyqzmwE4gUhYUd5nWW_R1fbhL2U3jpz4Fm0WdbJWOvSxMRvi9Mw&s
197,GJ Bailey,https://encrypted-tbn0.gstatic.com/images?q=tbn:ANd9GcSgZGuKzGhB5bknw-F1gau650lVx5oYceCBakOd9bsuBYrYNyQmXPKtTyD5Rh4&s
198,AB McDonald,https://encrypted-tbn0.gstatic.com/images?q=tbn:ANd9GcTpyhBh1chXouc47XsET-gHDkSVyW1bbHh6YDtQ5c4yYVsZWul8iD1kfGShqRw&s
199,Y Nagar,https://encrypted-tbn0.gstatic.com/images?q=tbn:ANd9GcTINmb_MbBWg6qcBNiW-wRSnt8UZoMW_nEPiCZ3LDXevwbdCzy5LfPNVeKhBfw&s
200,SS Shaikh,https://encrypted-tbn0.gstatic.com/images?q=tbn:ANd9GcRWRXOIHWj2ruR6YjpBqxxhZLeopOh6DuPSYmDxzS5BCBZnw6WIS6JTffndAQ&s
201,R Ashwin,https://encrypted-tbn0.gstatic.com/images?q=tbn:ANd9GcRJyCbbj-3pHWWkMviRHm0o9-mHapasx4afxV9WxbcRH0rhY7rCyp5cbMUsxMU&s
202,Mohammad Ashraful,https://encrypted-tbn0.gstatic.com/images?q=tbn:ANd9GcR62DK9WphChPjrFk4G7lupdVfMiFeNTVWa2FYucdQM8qOcaTDT-fcRo1vLsWA&s
203,Jaskaran Singh,https://encrypted-tbn0.gstatic.com/images?q=tbn:ANd9GcR3_zKbIDKlOUjtrlaVrggP5JV6aXSFKQbQI2TrWlfPWFM6emZiQB0XurIMUQ&s
204,Anirudh Singh,https://encrypted-tbn0.gstatic.com/images?q=tbn:ANd9GcRZj437qABKtrfGbJeWDh3BGDCf4Wpw5cd1B-RkXlQdkW3zd2Fmqc50KKlweQ&s
205,CA Pujara,https://encrypted-tbn0.gstatic.com/images?q=tbn:ANd9GcRBNYufZYt-Dwf8ymR1NGoFEKfNrN6Nr7xbMZM_NSHGuigT5NX7aF0imFm_hg&s
206,OA Shah,https://encrypted-tbn0.gstatic.com/images?q=tbn:ANd9GcTINL7mIk-4q-G8gfla_ki8e5OcLEC9hQR7iq40PM8QLgHd4b_I08pVI1-mMw&s
207,AP Tare,https://encrypted-tbn0.gstatic.com/images?q=tbn:ANd9GcRYZ5TJGj9lFD4eFG6QtYO8cNRn7OkyWUbxizDkOEDENJugLMy_mTLgDVNL-DQ&s
208,AT Rayudu,https://encrypted-tbn0.gstatic.com/images?q=tbn:ANd9GcRcBeb5rkmDzsOm-2bJoK4Zy4QNtMSE5Q8H862eNXDMrIDgWNxSqt7Rq0VMFQ&s
209,R Sathish,https://encrypted-tbn0.gstatic.com/images?q=tbn:ANd9GcRs9L5oqns4r2MMAxH3D4OSjQvQcfHTySkJ6T8ZpvuTezI8w2LFQBkryJbeGg&s
210,R McLaren,https://encrypted-tbn0.gstatic.com/images?q=tbn:ANd9GcQ4-567d5YMUUXgwTgA7cpdONaQSJU-FllqVNYQrSy1tdNeujNK89zGojHd6pg&s
211,AA Jhunjhunwala,https://encrypted-tbn0.gstatic.com/images?q=tbn:ANd9GcR4fLbPL_DDZF1T03ujLxNBptYFH6dn75NMc4JpNZ33RfDQlhSt3f7tz93lJzs&s
212,P Dogra,https://encrypted-tbn0.gstatic.com/images?q=tbn:ANd9GcSppbnJezSLZz7_RfQTw3fHsNn4WBc5Jzq2SgpaqwP1LT5ijHDrPnY-h6VdAX8&s
213,A Uniyal,https://encrypted-tbn0.gstatic.com/images?q=tbn:ANd9GcSYoGCmpDtyD6q6zZ3djWnIkLD-wYKRd15KThEk2zp9PPiTeDeQPcaavKVZRzA&s
214,MS Bisla,https://encrypted-tbn0.gstatic.com/images?q=tbn:ANd9GcSMLhpIhhm37i0Jco40hga8IRebCsvtKxtCgYElEYsxNlei_UfCSbauCwN-wg&s
215,YA Abdulla,https://encrypted-tbn0.gstatic.com/images?q=tbn:ANd9GcQWjHBxb-e-9AvChs9L1Vldre6aAEXqRqx1LVBWXzNBAqDpU4quYicMIBq2-GY&s
216,EJG Morgan,https://encrypted-tbn0.gstatic.com/images?q=tbn:ANd9GcT_gBrjkHRI9LGTMtY9upWVLqIliMnKHdStkX29u46u-7I9TjlSi4kVju84PQ&s
217,JM Kemp,https://encrypted-tbn0.gstatic.com/images?q=tbn:ANd9GcRpHsX2yI3v9olR8o7aeSfhuVfKqWFA4c82eN8U__CCUI77NNRDuscdvzjlHA&s
218,S Tyagi,https://encrypted-tbn0.gstatic.com/images?q=tbn:ANd9GcQE2I4uB-sZuhinRPrczLLicIIP4J0cQyWkaPrxFPC38_A3bgieizUfhVqahdE&s
219,RS Gavaskar,https://encrypted-tbn0.gstatic.com/images?q=tbn:ANd9GcQ0QUuA9w1KguXsEaA4MZxRwoFViD57gtNe0HJZvAEHJJTNVSjPHFmHLLkYdQ&s
220,SE Bond,https://encrypted-tbn0.gstatic.com/images?q=tbn:ANd9GcQV8D6QdeTqQXDBrToJ6XW-HtXMPYsLPrNFDbJRqFyqRmYfCdl0XtaFqjB95w&s
221,S Ladda,https://encrypted-tbn0.gstatic.com/images?q=tbn:ANd9GcTHmWCh_fFY-q0HhhqXfDqM4cJNROiwUeNzSvN-Sq5jXvJy41qD-Py9CHRTnw&s
222,DP Nannes,https://encrypted-tbn0.gstatic.com/images?q=tbn:ANd9GcR9dPErOD_g_Ee2EiU_y5K7Jn7wpdtZK4rGKTQxxMEargzhUkMi40_1gzvex4Q&s
223,KA Pollard,https://encrypted-tbn0.gstatic.com/images?q=tbn:ANd9GcSLqJ3jZdaV4WnKVOPrCC3FyxNEtbhVDidfKW-7kqCIlHJA3wdl7rK_EKuXFw&s
224,DR Martyn,https://encrypted-tbn0.gstatic.com/images?q=tbn:ANd9GcRErUQzkpxVXyrSXDiO4_3s1CX0O57DtUppEeAnfuaKNUTPPRcB-_r8BmQWng&s
225,S Narwal,https://encrypted-tbn0.gstatic.com/images?q=tbn:ANd9GcSO_tSWOSPMmEAg7VGnHtIAqpMDmCbja3IZaRghuEmDd8nE0U0Fch4i_HGe3Ag&s
226,MJ Lumb,https://encrypted-tbn0.gstatic.com/images?q=tbn:ANd9GcR0LDpSgJUVLB7dzINkWBe35k3cC5lZIL7qPnYvSP9rTfv4a71ID2EW1FbkHQ&s
227,Bipul Sharma,https://encrypted-tbn0.gstatic.com/images?q=tbn:ANd9GcTq1i1zploVnNJbz3LVSM-gyIeue-NBCTIXlvBmHvgNN_jIMM_yMnlu2voGGW4&s
228,AB Barath,https://encrypted-tbn0.gstatic.com/images?q=tbn:ANd9GcSrr4KL9I6yEiqR-ySY8nb8r70-ox4Fhh15QTeznOtiFc3cGI7EOcxLWlYHMkE&s
229,FY Fazal,https://encrypted-tbn0.gstatic.com/images?q=tbn:ANd9GcSrTtUkXNk6rRtnL_16Fvdxr5QB-0wxdf1j0Aryyx-SQR9fOOcz-OsKzrNjZPk&s
230,AC Voges,https://encrypted-tbn0.gstatic.com/images?q=tbn:ANd9GcSlhE1TH_ZuphjoFMOJf9KSV0C2e8gBmBaVOhOXRU9GHPJEMG0RsZWqVku5yD0&s
231,MD Mishra,https://encrypted-tbn0.gstatic.com/images?q=tbn:ANd9GcQuBcaK-KHxLoTxh-_q_uhP7mnTbINc68yasRy815sncqRxvISeqOkUHnrhuA&s
232,UT Yadav,https://encrypted-tbn0.gstatic.com/images?q=tbn:ANd9GcQQWP7XoVsLyotkuvt8evOlmIC3xV9XsJccNBuy8jVB80GtbVU0Xf-nO2fYtA&s
233,J Theron,https://encrypted-tbn0.gstatic.com/images?q=tbn:ANd9GcQSGp-gKUpdt9R31jNFYoWDKfuVXMMRPOk0P-cALS3e3P9gFwtaHr2YUynj46c&s
234,SJ Srivastava,https://encrypted-tbn0.gstatic.com/images?q=tbn:ANd9GcSsle2e3XX01u_ZsXfQw75p2o27BuFN3o9cWUPRuUpy_ZYefJtug-7hINXzqQ&s
235,R Sharma,https://encrypted-tbn0.gstatic.com/images?q=tbn:ANd9GcS-0HCJOSn4dUv1msOjLK5iCTMsupfr1ep-auRpcJNlz50B8m2-T7ZIC_0cX2g&s
236,Mandeep Singh,https://encrypted-tbn0.gstatic.com/images?q=tbn:ANd9GcQ528NxuYbaK-vYWjcIDuoQWGN_adXBUyuC-tokc8FRjoe25feNMQ-6cpTDuQ&s
237,KM Jadhav,https://encrypted-tbn0.gstatic.com/images?q=tbn:ANd9GcQyyGau_Hl_IB285rzgJyGsJgsfBm8OFXk_AZIOFBjqKOI6AgWG4Z8xBQjyTSc&s
238,SW Tait,https://encrypted-tbn0.gstatic.com/images?q=tbn:ANd9GcRqSIBLWB2Kf4eZByfdsQzU3TEKkMGaJHbZkYjgeJQWVQn99xt9Vrlqw4G8Cw&s
239,KB Arun Karthik,https://encrypted-tbn0.gstatic.com/images?q=tbn:ANd9GcS2x3P8hn-TjfWXyjwixkLXgo38T-3JAo6xN1w6Pt1cbB33tycNP5-me-CkW4w&s
240,KAJ Roach,https://encrypted-tbn0.gstatic.com/images?q=tbn:ANd9GcTMap6gKrMwO_UK9bwUx9yt4iecJzJogPs8Xh3SrGbhsyldn1ekCpyEgB26eg&s
241,PD Collingwood,https://encrypted-tbn0.gstatic.com/images?q=tbn:ANd9GcRjc2KqWJsUdAKczjdlpXnnMc9Cy-M6ttpKdS9fsX5aCYSw_OxwIxnQJmVNEQ&s
242,CK Langeveldt,https://encrypted-tbn0.gstatic.com/images?q=tbn:ANd9GcR3eUAl0V5r9EQSjwYmLtQFjVvDnKzv3WtYlBvkxytY_mhhQ8CMYY_SdHrBQ1s&s
243,VS Malik,https://encrypted-tbn0.gstatic.com/images?q=tbn:ANd9GcTwHmys7E42OrQfWEZjEINcfqo7acptU0mtch1d06EdRtL8R3BvF9qN5C87Ig&s
244,A Mithun,https://encrypted-tbn0.gstatic.com/images?q=tbn:ANd9GcS0kR6_Oc1lQenCELUFEzo9UA4I-0XbXM_7sQMQutuGPuvi7W2pgfjHOLb5mA&s
245,AP Dole,https://encrypted-tbn0.gstatic.com/images?q=tbn:ANd9GcSXdoNspaRzhjdxJ0mMH0p8uQlAP57Z-q7JmpUJxUxSfYQ9T91s1MJ27WE7QMs&s
246,AN Ahmed,https://encrypted-tbn0.gstatic.com/images?q=tbn:ANd9GcTHDCxRaPFB1HV0cXUvmuekStNBNrhJm9nKQxbKUM7Kr2mhUD4Xs4jYbaKi9g&s
247,RS Sodhi,https://encrypted-tbn0.gstatic.com/images?q=tbn:ANd9GcQ9yFXMJ0MoYWDdDbTWjb0329LX-ibR3UWzyCP5bUVpJTMSFLR0Ydz2NNgeBAk&s
248,DE Bollinger,https://encrypted-tbn0.gstatic.com/images?q=tbn:ANd9GcROPkrthzdCS6qogWQU9ZGSy_qXPutclhEgk8_15CqKHzS1QWFLxCG3iSOXqQ&s
249,S Sriram,https://encrypted-tbn0.gstatic.com/images?q=tbn:ANd9GcQijaaC8cf1L4D2nsVEPGq_1ckgIkU5YmPDpF_7D2wnqU6FJwhMglJ0g3H1oXk&s
250,B Sumanth,https://encrypted-tbn0.gstatic.com/images?q=tbn:ANd9GcSifaAAvbBO6CspuoCn2mbfKg9bdKNF7ese7pNRQiKIpZL6v5dRs0f2z1tZGJ4&s
251,C Madan,https://encrypted-tbn0.gstatic.com/images?q=tbn:ANd9GcQ_m01jx9fvcnPN3nq1hZloLx_Y5sMBMdgD6BvePzbkU6yqJ7iLC0c55VPl9Q&s
252,AG Paunikar,https://encrypted-tbn0.gstatic.com/images?q=tbn:ANd9GcTtjdtJTjnRVw4X9OxXJkMFa-mrYsT9Gx-a0j-g7D4T6zr_LbufmT1WzvnvVXY&s
253,MR Marsh,https://encrypted-tbn0.gstatic.com/images?q=tbn:ANd9GcR7zjlwFbGEjqdd4AJez8iuarDTPtgMz2mIlSVS4AkLPJGa-6nIAUTdLBJ1fA&s
254,AJ Finch,https://encrypted-tbn0.gstatic.com/images?q=tbn:ANd9GcTcSjc9q8C0z28Hw2miQ-4VCBufC_j3auR01xpeRLxpF4MFxpGAsqgSL-DXa48&s
255,STR Binny,https://encrypted-tbn0.gstatic.com/images?q=tbn:ANd9GcQdJig9lRw2LQJ5kTRVSoahSpQPfBJW-3_zJAd8d--gbFM8ZDHpWceAP1ygUg&s
256,Harmeet Singh,https://encrypted-tbn0.gstatic.com/images?q=tbn:ANd9GcQtHakjEbnOC1FjljN6YDR5hP9ccrgJt8GYxOu2FVkvsIYA-cML5_NR8av3Yq0&s
257,IR Jaggi,https://encrypted-tbn0.gstatic.com/images?q=tbn:ANd9GcRYJAV7GVr_9u9ppN2dPuKlPMpgoxEzrLUQQtf6fVad6flapMgWAWOaYLtV-7Q&s
258,DT Christian,https://encrypted-tbn0.gstatic.com/images?q=tbn:ANd9GcTrTO1wKsGCoVZzQYXrPtjmpFKMNTXcJE_D6q6OHPV630UHgwu_RicKrD9N5Q&s
259,MA Agarwal,https://encrypted-tbn0.gstatic.com/images?q=tbn:ANd9GcSmyLLBsXTq1fh5kI4q8Ii7KhX1ZM0HT4FUQKGYcbVe_sUO5SdDziEnXeiEmw&s
260,RV Gomez,https://encrypted-tbn0.gstatic.com/images?q=tbn:ANd9GcS20WwMu75kAR5IJhpjXgS4KYXWssmEsIaGeyEXLLuPTvW7zYLok-ZcV-6j6g&s
261,AUK Pathan,https://encrypted-tbn0.gstatic.com/images?q=tbn:ANd9GcQ2GB-QXYPK2QaZJXV0QVFw_OvdkiZcsEqET2aqesT2dEX_Uk5drSzO_aovYQ&s
262,UBT Chand,https://encrypted-tbn0.gstatic.com/images?q=tbn:ANd9GcQbcdD0G-HKiAmnPYa201wdQhVkqlS2LmC-qUphPL2em1sGvvm5F3Ex1nUQ2w&s
263,DJ Jacobs,https://encrypted-tbn0.gstatic.com/images?q=tbn:ANd9GcTcRlnMJ1qttVc3RTJ-qeYg0nV26K8ANGRljgw-xpgCAf2JOGtEw9QzvzZkfko&s
264,NJ Rimmington,https://encrypted-tbn0.gstatic.com/images?q=tbn:ANd9GcR2tM39L-aM3opDTEBYih0u4lFWF2oPFCnA1yGFxZ1zi3PoJ42ooDg5jQohzQ&s
265,Sunny Singh,https://encrypted-tbn0.gstatic.com/images?q=tbn:ANd9GcTc0j1WHGT5xaxCBT5ynzDJbBF3_P1gOlrVVo2kQvxIGET8yfVC1UTjJw9PFQ&s
266,AL Menaria,https://encrypted-tbn0.gstatic.com/images?q=tbn:ANd9GcRi_gd7Zj_X_W8Fo36x8PL_o5MujUirblqF2Ie6DySB28s9cp0oy_ZOcw3_ui0&s
267,WD Parnell,https://encrypted-tbn0.gstatic.com/images?q=tbn:ANd9GcSSQeVnNnbp5_G4rcwPAhNB1IF4vMHib-9ApyUe2Sws0jQd6eA8wbtaJI1sHg&s
268,JJ van der Wath,https://encrypted-tbn0.gstatic.com/images?q=tbn:ANd9GcQ6CL8VmlR2NTDQMsbAwugLZrHgV1WxZvAaOe2XrBuz8B8_4LsKrsBWt5hLo3o&s
269,R Ninan,https://encrypted-tbn0.gstatic.com/images?q=tbn:ANd9GcTlTo_dpxiWuNo2rHnA5FrM2QLJZOKNVKyqRTfiDCLj8Mb_cPTwi2D1l9GG8w&s
270,S Aravind,https://encrypted-tbn0.gstatic.com/images?q=tbn:ANd9GcQTLgdcgVooCMXlwTr66MbzVcfzZ9BSPsvdjTeAsYR92MhH1VP8On9CLTa2qAU&s
271,MS Wade,https://encrypted-tbn0.gstatic.com/images?q=tbn:ANd9GcQ7h5o-DSBRxrNY5TXzwizUrQj54bITmhFv_k-0TBR8JBPWh3k6G2fF53rL7gg&s
272,TD Paine,https://encrypted-tbn0.gstatic.com/images?q=tbn:ANd9GcTfLxxSLBy_yJQUCUVNHAArLHkoilXtF0uuXnaD5c_UrCYr1-VBti7kSty01Gc&s
273,JEC Franklin,https://encrypted-tbn0.gstatic.com/images?q=tbn:ANd9GcTvt8r-fLh3Kib8mV2XFse45_AVDtVkR8VXsgsI5fdeO_iZ2S8WYVsaOH-sSG8&s
274,SB Wagh,https://encrypted-tbn0.gstatic.com/images?q=tbn:ANd9GcRSX3iIm0bLTIwj9PtbEXzQ-qR6-s-yiNLKIhF-RS24IPQld72Zds-JplKp4Q&s
275,AC Thomas,https://encrypted-tbn0.gstatic.com/images?q=tbn:ANd9GcSdON-lYzpeSIkFJssg4jTdP1WR9jWvcfVhVUyf6TDk36bu5jwUeUraL13DBg8&s
276,Shakib Al Hasan,https://encrypted-tbn0.gstatic.com/images?q=tbn:ANd9GcSXKo_HweeTQMHZuDnYHZG4OSR_JteeJCOoBPAgjocH6FzNUS4w-VxqvS_gUug&s
277,DH Yagnik,https://encrypted-tbn0.gstatic.com/images?q=tbn:ANd9GcSC8-ipn_yI69KZMLFIXwec8dUqO95NahUjQ2vLe8KVRuNETuF9-RcjIOcGug&s
278,S Randiv,https://encrypted-tbn0.gstatic.com/images?q=tbn:ANd9GcR8mj7MW9KQHpXMd1mPPd5Z3PD2t_5hgrEVr9doKlellUeQPCKbi4udnkR_OKw&s
279,BJ Haddin,https://encrypted-tbn0.gstatic.com/images?q=tbn:ANd9GcRSsMFXomyXWx13bQ_iPi8_6l_MS0fHkvUb3lSiIEeSzSFnTF1Vif8a71U2uA&s
280,NLTC Perera,https://encrypted-tbn0.gstatic.com/images?q=tbn:ANd9GcSjIIQz0Bcty7KdcYUOxOOFAddfSw9bnrt_YNJMwzmNrsfNBk0XoqAkuljVNw&s
281,NL McCullum,https://encrypted-tbn0.gstatic.com/images?q=tbn:ANd9GcSKoekcM4TOY9NAZ00axknHOiFhV8L3g3T3hFE-WVcZSNxP5DUe95X_7RRUdQ&s
282,JE Taylor,https://encrypted-tbn0.gstatic.com/images?q=tbn:ANd9GcQ-pbkc2cGlXJPMBnHpNo6VwZCEoxZ50ul-aN-NFh8dfh_RXRo4vCPXVjbA2yI&s
283,J Syed Mohammad,https://encrypted-tbn0.gstatic.com/images?q=tbn:ANd9GcQj02Dgdu9Nlokgp1l6s1GLt7kntWy5Vtku3oL4kuJLgMjKvvtyazrEV74Rqg&s
284,RN ten Doeschate,https://encrypted-tbn0.gstatic.com/images?q=tbn:ANd9GcQq3jHrih92xMVc_svSqEOzpHGiWAlg34EA-1vbXCHXwyV17ZzHX5BT-3hIMEM&s
285,TR Birt,https://encrypted-tbn0.gstatic.com/images?q=tbn:ANd9GcQdNNvMWNXW2UnEa6-Z3fDbDc_ntLGii_6uyFCXvVDA8R6QZE80CQzGKcF5zg&s
286,AG Murtaza,https://encrypted-tbn0.gstatic.com/images?q=tbn:ANd9GcSXIfHOOX92YAfb_VgvVea1S_RX3gWeGYozXA6zni8483Kk2mnAEmlWCriHQR8&s
287,Harpreet Singh,https://encrypted-tbn0.gstatic.com/images?q=tbn:ANd9GcRGQRuEL7de3vR3g1MbRERoqKwj8kp8V-3eCs03f9w-IQ4JmWNjU-jWXpX-Gw&s
288,M Klinger,https://encrypted-tbn0.gstatic.com/images?q=tbn:ANd9GcRj2hGfi32eprtsltMsc4nY2HBQmTShJ7nVn3rABSsGoWJAHPCu7YY4Kid2LA&s
289,AC Blizzard,https://encrypted-tbn0.gstatic.com/images?q=tbn:ANd9GcT09V24saoq2Fy9E6n9DLjGpKdpU7waB6HIGii6hEl9K4Lz5V535hr--nZS6zU&s
290,I Malhotra,https://encrypted-tbn0.gstatic.com/images?q=tbn:ANd9GcRYtsqvXYwpPX4D1PMCmhUzWPXtKksjzIRen8Q_21qMmsRnrXY1EBYPL9KfLg&s
291,L Ablish,https://encrypted-tbn0.gstatic.com/images?q=tbn:ANd9GcQYvDvu0CvvE3Q4oPqTEKut8rmQvS_nClxgUXugW057W-2D7c5Ar4tuBltRWA&s
292,CA Ingram,https://encrypted-tbn0.gstatic.com/images?q=tbn:ANd9GcQFJlPFFeMxIh0Fj_ipkWBU4-EPPrRzThXQa9lbMSJFwI4-7xiq3kr9HYA_oQ&s
293,S Nadeem,https://encrypted-tbn0.gstatic.com/images?q=tbn:ANd9GcQZ2LhJRdsQCYRZKXOL4tHI7ErJbUwXncW6iKrn3Z9MllMoDDfkou0fgLGrfA&s
294,P Parameswaran,https://encrypted-tbn0.gstatic.com/images?q=tbn:ANd9GcSHRkLTP1mlfzJIG8k931pV6JGXUcZtENeQNDT5wZjUlFONHB9Yfv09GuBMzfU&s
295,CJ Ferguson,https://encrypted-tbn0.gstatic.com/images?q=tbn:ANd9GcSEpQupFZAhPs74K6JT4KtMORT6Bg8BKB0yDYre2FioSyGb5OHNPblx1u8vCWk&s
296,VR Aaron,https://encrypted-tbn0.gstatic.com/images?q=tbn:ANd9GcQugc9gI-KKptquPv2RbS0sSaoxRI_ksvXb0qdfJYhzFiaMJGOj4BTsIUYT3Q&s
297,AA Chavan,https://encrypted-tbn0.gstatic.com/images?q=tbn:ANd9GcSK90Hs8p22K3xZPHbt-EZNFDbNxrlEfKl21KhnPNwlo32Gv43T5TQFdl61m7A&s
298,ND Doshi,https://encrypted-tbn0.gstatic.com/images?q=tbn:ANd9GcR1Q2oJXGjB4e1KQpDDYCRkIyTU4Y4S7gbu3l5UNTE1DIk3_c3AZWQSRjlQsQ&s
299,B Kumar,https://encrypted-tbn0.gstatic.com/images?q=tbn:ANd9GcS4AXBp6BRteRk71IU7K86X4XMK2reE6PudNLoxmspcLNe7tacjqGIHBWZVh3c&s
300,Y Gnaneswara Rao,https://encrypted-tbn0.gstatic.com/images?q=tbn:ANd9GcTPJ2-CBVZjhqlOnrxWtKskZ9vudREDpfYEhp-ADtH9APKISAEcc_QGMOy66g&s
301,S Rana,https://encrypted-tbn0.gstatic.com/images?q=tbn:ANd9GcRktXtXAwlcQRYT1XFnN6xgbPq2WzO105INYx6tfZCPTeg9JD6dPzJ1q52_ke8&s
302,BA Bhatt,https://encrypted-tbn0.gstatic.com/images?q=tbn:ANd9GcTfdvn6Kxz9_AcAc_3rZJiNlh0YFbzG2KO8_yDcMOwfmsSyYo_0GHMyMfyhhg&s
303,F du Plessis,https://encrypted-tbn0.gstatic.com/images?q=tbn:ANd9GcQEJ0akoaFPh15lBVET3kuBZzF7prGgfjkOVILcugUAiKKeCDD5_-0mmahU2To&s
304,RE Levi,https://encrypted-tbn0.gstatic.com/images?q=tbn:ANd9GcQ2lim3GbiT78uJBmAEj77etBKFvHy_a_P8amgM6Zhos61h0tMUGzzv4lFzRQ&s
305,GJ Maxwell,https://encrypted-tbn0.gstatic.com/images?q=tbn:ANd9GcQbje33IyqRnHIS_s8JrN1zvXG_G9ltSn50_YqnJdoEHHu3aysgWd1rTozXRg&s
306,SPD Smith,https://encrypted-tbn0.gstatic.com/images?q=tbn:ANd9GcT77mRvt8zOmbxWdx9C7Sr9XezboIgcmKHiGUhe7TiGjPERGunZMSkkwSZl3Q&s
307,SA Yadav,https://encrypted-tbn0.gstatic.com/images?q=tbn:ANd9GcTM70RkkgfHQbJOILPVCE1hVx7SvuhfqvY_k0ie4jQsdb4SWZ8CLftgdm_vvO0&s
308,MN Samuels,https://encrypted-tbn0.gstatic.com/images?q=tbn:ANd9GcRGZxQn9Os8aIxZsoUgb1dYY6-NEnDF8VIRgABSbPjp0kJxD1_2xlV_N3ho-Q&s
309,KK Cooper,https://encrypted-tbn0.gstatic.com/images?q=tbn:ANd9GcTwcK5Yr5sI2fiqF726pTAIT1Gf6MSMIS-_VgDpNhb7G1n6qRRSrmbhqSaavg&s
310,JP Faulkner,https://encrypted-tbn0.gstatic.com/images?q=tbn:ANd9GcRD7GNKDycp61-Jo8tj8qsvYyWwf21VXK0l68VQc45s8_w1Ipr1tMhA3Zy4DY0&s
311,HV Patel,https://encrypted-tbn0.gstatic.com/images?q=tbn:ANd9GcTWnsuospkUX-_6m33YmNXGxRAEFRVXpotm0pK64NlRDtgStjLEphGcxljbivI&s
312,DAJ Bracewell,https://encrypted-tbn0.gstatic.com/images?q=tbn:ANd9GcQqGkJCkuBH2vUSRoUwcxHW65Rthd08ussfCmQ9w8Jmj0qDsYqqvZHs9cRU0Q&s
313,DJ Harris,https://encrypted-tbn0.gstatic.com/images?q=tbn:ANd9GcQIwFo1uvmpq3rqazrOPbxKm0WOZYAaBl1ShsT0GK4FB2Im72HAQwQampQza14&s
314,Ankit Sharma,https://encrypted-tbn0.gstatic.com/images?q=tbn:ANd9GcS569Q4SeYthPKtXeCYl74QZJqBf1lUTfwntlkabTaMM5u4JGGRTunkkm2lbA&s
315,SP Narine,https://encrypted-tbn0.gstatic.com/images?q=tbn:ANd9GcRQPIVJHvRqZA6FRwjPPBcIoMaTxACduGqNKjUJ4JMcUa4U-LS0UuyAgx6fagE&s
316,GB Hogg,https://encrypted-tbn0.gstatic.com/images?q=tbn:ANd9GcQuGrDbwWDrfZklzRHbUVYtMGxZldlIko30HGFG8de7SN90UkAj5mJXi4XryQ&s
317,RR Bhatkal,https://encrypted-tbn0.gstatic.com/images?q=tbn:ANd9GcSzvmhW87eZdwIqHbaGCLiMGi1ZQyD6bethXtgQDQn8WCJmEOKWvSmFqQBPmA&s
318,CJ McKay,https://encrypted-tbn0.gstatic.com/images?q=tbn:ANd9GcQiO42grPmRDYcK8RXqsVMaqW0t2q86n6ULM78-xRCeFgohC0BFX2P7A9s2QA&s
319,N Saini,https://encrypted-tbn0.gstatic.com/images?q=tbn:ANd9GcQXShWpskAO8NpQAo2p71-LSo-1HWQ-5hU0LhN4KoLpS7EW3pUi5J0Xdcca60c&s
320,DA Miller,https://encrypted-tbn0.gstatic.com/images?q=tbn:ANd9GcQyHZHkmUanD3h_LN4IwvGeFbQz-sCU05F5hSjDrO6ix9abyadNTxxrdoRQNA&s
321,Azhar Mahmood,https://encrypted-tbn0.gstatic.com/images?q=tbn:ANd9GcTD-I4wIK32SJ5uxmRJ0pwelrpzTm0f57qeLOj8in6tGuLJpkqNcJUNdAjf4Ig&s
322,P Negi,https://encrypted-tbn0.gstatic.com/images?q=tbn:ANd9GcQ1su73rWgMiKl02us8JhH53GHxFgAbuyZvMEfo5cKtySoANFVE1NNfoYZ8Rw&s
323,RJ Peterson,https://encrypted-tbn0.gstatic.com/images?q=tbn:ANd9GcTAqjDJYQPQOrdB0YXCnRvEEq5ULlVzeZOG0--m7mlvCGm8NYcOlJZ7CM-n3eU&s
324,KMDN Kulasekara,https://encrypted-tbn0.gstatic.com/images?q=tbn:ANd9GcQtPtkZzGHhHej659LQxyLIeZ3DJ7s0P44sRGuRTEuzAt_-PFYhWUj9HZmaAeM&s
325,A Ashish Reddy,https://encrypted-tbn0.gstatic.com/images?q=tbn:ANd9GcRw-vmO0KE4pQ4athDoFjjg5GFrwDIqqgyeWc3A2D2wjdri6nVitiWaFKgQ5g&s
326,V Pratap Singh,https://encrypted-tbn0.gstatic.com/images?q=tbn:ANd9GcQlYFrjsI36WE_e5XwpnFQuAVPWuDAbOgmOf7eLXRv1AgLgdGPP-OIbrR585A&s
327,BB Samantray,https://encrypted-tbn0.gstatic.com/images?q=tbn:ANd9GcRRRZBQCRURhMFl3rAx4jvwoGWMR3aCi1bns_EvHSV6S5KAvBLcxomS9ElBzg&s
328,MJ Clarke,https://encrypted-tbn0.gstatic.com/images?q=tbn:ANd9GcRqEQKvR86sbRaFV2m2vVzAqZAe2k0nsnyC5SK6z84Y1fI1gGAsGHvL3MY42Fc&s
329,Gurkeerat Singh,https://encrypted-tbn0.gstatic.com/images?q=tbn:ANd9GcRbS7LkzEL0zp3OICyYsb5DEvm7d2qhCsyaOsQfPjYKoeqeQrZwmwCpk59u1Q&s
330,AP Majumdar,https://encrypted-tbn0.gstatic.com/images?q=tbn:ANd9GcT7mwSMhZ0IdairF7AgGUgUVWL9kNPFOUvid_c0Xj1NlDoHH0JBxVe8Vp2vdPA&s
331,PA Reddy,https://encrypted-tbn0.gstatic.com/images?q=tbn:ANd9GcS1QVDKNQADEGCuY813pSsPp-8M1ZMUAJW1ubIxa1wZ9xa_TuvLhZe33HUqUA&s
332,K Upadhyay,https://encrypted-tbn0.gstatic.com/images?q=tbn:ANd9GcTKT8ITRXbTpGCicONdGPdwyA-f17I2vodL0TGH8VLmt_9FUgXEdPO9MCIAPw&s
333,P Awana,https://encrypted-tbn0.gstatic.com/images?q=tbn:ANd9GcQdUApKvw-BNrJ0hSXLu4q7FqDbArmbxrM-3q0CYWDuGyqPl96lbP29vvtV_nE&s
334,AD Russell,https://encrypted-tbn0.gstatic.com/images?q=tbn:ANd9GcRt1LYMLxP4jol5a9Fzj1IcQNNrH3THF1PSPbe-GweGpWAyCF0ghiuSggxE71o&s
335,A Chandila,https://encrypted-tbn0.gstatic.com/images?q=tbn:ANd9GcQ49f779f8pjaQLd-E7po94Sg1zd2wNuYYvIw4CtClntUL82fzFIDqeLWfWyCc&s
336,CA Lynn,https://encrypted-tbn0.gstatic.com/images?q=tbn:ANd9GcSvdpAr3uf7o3rrqqytuxO3WmMDS6N1QsTOMe_TlHncNozPLPf12oSAxep6cA&s
337,Sunny Gupta,https://encrypted-tbn0.gstatic.com/images?q=tbn:ANd9GcRPKj-ahpo6Wf9_AARUJrcF4F6MLgo3hCRQ6hnG97mLURgW67FKEy11EgnB7yM&s
338,MC Juneja,https://encrypted-tbn0.gstatic.com/images?q=tbn:ANd9GcTFGvr6NEyhfv2bY37U9edrMUvU5DkRUvaKwDyTEfMtt8T7axtPIG5tw00FHA&s
339,KK Nair,https://encrypted-tbn0.gstatic.com/images?q=tbn:ANd9GcRnGvc3DRfuvb0tS4rzqX14GihQs5QFvCk8OBSqcyShS4YLC2U4Lf1S5B5-UA&s
340,GH Vihari,https://encrypted-tbn0.gstatic.com/images?q=tbn:ANd9GcR9CDOTN1rcQ_5hEq-u4UnwYhNWr7PEmcTt4SZl5GWh49OiedKDnCJhQpoJpg&s
341,R Shukla,https://encrypted-tbn0.gstatic.com/images?q=tbn:ANd9GcTUcpOg2s4qJ8efxx__rudSgo1h9syuBNfXzxLLcLHlYG5vAtHFZnHwehFyCRA&s
342,MDKJ Perera,https://encrypted-tbn0.gstatic.com/images?q=tbn:ANd9GcSnqY-zXx_1eeg1XmvOchYqApMmObdoMCcjtCWPfNBqeKGoZ0fRvT4_FqxN1JU&s
343,AS Rajpoot,https://encrypted-tbn0.gstatic.com/images?q=tbn:ANd9GcTGZ5UuQDmZ1HEu0GDuc6dqu2l6vaGSZAFlHtw0xdcSc51L4JIs7Rgj4mlI6Io&s
344,B Laughlin,https://encrypted-tbn0.gstatic.com/images?q=tbn:ANd9GcT0sfYQlwzndtR-Ke_l_DYjxXy7XIF6Ew6AKM3rqk_yE9DYLEqH0czDWphR7KI&s
345,M Vohra,https://encrypted-tbn0.gstatic.com/images?q=tbn:ANd9GcSH47DvF9x3xUtxC95Es5JKfbBkjcQmytO8UVw6IbHyxrlTsxzkPYyOhzIKslk&s
346,JD Unadkat,https://encrypted-tbn0.gstatic.com/images?q=tbn:ANd9GcQFici80RMQLmWXk_kthlg8E6qQ5r3i-wd45_BMwrlqKfVb7SrHat2l5pJRXIc&s
347,Mohammed Shami,https://encrypted-tbn0.gstatic.com/images?q=tbn:ANd9GcRg2kRFM9DuD3QTBJoCVQevz5QKiOdr3T1aEJtVBerGvMk7cWzxB4asC1Lc5Dc&s
348,BMAJ Mendis,https://encrypted-tbn0.gstatic.com/images?q=tbn:ANd9GcTsI9DbNoB2fWFMzUlZkOBdYFt2EJn3v5FmxN5aM-oecjXhsmn-Bj53W9tjQNc&s
349,R Rampaul,https://encrypted-tbn0.gstatic.com/images?q=tbn:ANd9GcQPE1glaOL5-QKY_2rEn-gIOOPbB2LMAYQBfFaAiSjGKKEz88H6E-kokvMzIpc&s
350,CH Morris,https://encrypted-tbn0.gstatic.com/images?q=tbn:ANd9GcScFRqNhtKQnTAnerISjnvbopOg6KIVnnqHTPQdlo7a-OMX5ySPMBPNr8i1_Q&s
351,SV Samson,https://encrypted-tbn0.gstatic.com/images?q=tbn:ANd9GcSoE8EQwcSbcNA-14tt1nytJS8Ku98OFvt7qrkTjf2-VIPmixu3d1S2pIxEDw&s
352,SMSM Senanayake,https://encrypted-tbn0.gstatic.com/images?q=tbn:ANd9GcQZxi6iavLUJ6msZi1sgVD6XSuoWAuKmDYR_9Eos90-sbaxJB4C_-x6Z-9TR8Q&s
353,BJ Rohrer,https://encrypted-tbn0.gstatic.com/images?q=tbn:ANd9GcSkOahEvLatLJhYRBN4qTJVsUxsA0nfJowysCmjkmG7ao7slM595XP7hmVgDA&s
354,KL Rahul,https://encrypted-tbn0.gstatic.com/images?q=tbn:ANd9GcTgF7pvI_Urpzukq-sM9c4xtA21NBxFYb27ORxXi862asheJZPYRXOIaVcNjeI&s
355,Q de Kock,https://encrypted-tbn0.gstatic.com/images?q=tbn:ANd9GcQhP5ii7aXbDVcZ3rNLMNUXfTCSvDH-YAFfpiw8oVvnBGFzDdv2I15BOuyNjjY&s
356,R Dhawan,https://encrypted-tbn0.gstatic.com/images?q=tbn:ANd9GcQytNwYW-R6oIsZYjwGvAquY4onZXBSHAoINUunLeF5emQq74H3tdvlavtuxw&s
357,MG Johnson,https://encrypted-tbn0.gstatic.com/images?q=tbn:ANd9GcTzPM1EvKsuDhp7dSFe4Ujk_rul6O9jhJ0CKm3--fd58_tLsDbX1krqYF_1sA&s
358,LJ Wright,https://encrypted-tbn0.gstatic.com/images?q=tbn:ANd9GcTNswFaf8aN4nKqHakuj47CtXPppNgbwrKvS1ten2-UulkgKs_nWGJAh4cuuww&s
359,IC Pandey,https://encrypted-tbn0.gstatic.com/images?q=tbn:ANd9GcTw0VDmsujx-EXYhVZzMpNBXgOGjEqy8CGhppwNuUegyZpZ5xXGXx0hlnp86pg&s
360,CM Gautam,https://encrypted-tbn0.gstatic.com/images?q=tbn:ANd9GcSMwiwNl39Ueh6qEz7IxgvgLw_LM2SDVl4kITKrVckJBkklkH6saLgu06iBe0Q&s
361,X Thalaivan Sargunam,https://encrypted-tbn0.gstatic.com/images?q=tbn:ANd9GcTDa6IqrvLuDkMO9zw88rO2NvRk4mmZf4CkG_5xxGPJGsjjeZFchmT_xU8G7Tk&s
362,DJG Sammy,https://encrypted-tbn0.gstatic.com/images?q=tbn:ANd9GcSxZoMfX3D__EleG-WIzVJlYzZCEb8sfFdKtD-vSax7En1Xq_KBplgBsiA0LS0&s
363,KW Richardson,https://encrypted-tbn0.gstatic.com/images?q=tbn:ANd9GcT0S2p1qwCOojqIQ0u3t5arP8GyzSHNWYJosP6AER2vwN73_Fy4vOcROsW37X4&s
364,MM Sharma,https://encrypted-tbn0.gstatic.com/images?q=tbn:ANd9GcSV6odJexgg2Zw7X9aaSD54-Xdir34RVEnbxp0OWtfYAFdpl9_tpMa3fAb1o1c&s
365,UA Birla,https://encrypted-tbn0.gstatic.com/images?q=tbn:ANd9GcSk8clwMmFDoJz0NEYt0WlrmSZvsQ1bObgKf9jgWlk3IdPO5r15I7E00y2dYQ&s
366,Parvez Rasool,https://encrypted-tbn0.gstatic.com/images?q=tbn:ANd9GcTaF4RGFvX_mroqjKCArchD66TdL2gUrCmCM3U2kNZ0eGAIE_gxpKeI3Ha2rYk&s
367,Sandeep Sharma,https://encrypted-tbn0.gstatic.com/images?q=tbn:ANd9GcT191CegzvOxRfV2FdDvW5b0WnCtPwx5DOWPkkjlWg7D1XFZLHeQT8nZ6Q8wb0&s
368,S Kaul,https://encrypted-tbn0.gstatic.com/images?q=tbn:ANd9GcSHz8ZOLxwKjwjbQ6HC91bYkHcGYUxQuVgZ-MAmugFQLDL6QUcMR9GjLZuglW4&s
369,Sachin Baby,https://encrypted-tbn0.gstatic.com/images?q=tbn:ANd9GcQtxwcnBDarJcYdvptYXsuSQZkTJY21mbiKu6GzleoLTybvmCVr0ZEBT4GxRg&s
370,PV Tambe,https://encrypted-tbn0.gstatic.com/images?q=tbn:ANd9GcTXvtmZPCVQuTAFByFuDFrbOHyxrPCXXFOMCPT_ms-G64lYuM1ESb_IfhKkXA&s
371,NM Coulter-Nile,https://encrypted-tbn0.gstatic.com/images?q=tbn:ANd9GcRHsy_oZ6H9K4hUYBwDVobNY6Fly0jNcDAgyCGEr4GzYcXVC99ME3JRvEzWGg&s
372,CJ Anderson,https://encrypted-tbn0.gstatic.com/images?q=tbn:ANd9GcR1ZkUNeQkCRJwKKhQmYpDfWqUMF7ay0PF7JiMgQ8Mq8VFmUZSzdGFc9gwZ9ic&s
373,NJ Maddinson,https://encrypted-tbn0.gstatic.com/images?q=tbn:ANd9GcQEH8Zb9syHRwNrua08tjZQDVRxbWYpDVzJlJZflDTEWHDioJUzWqrBmTYjsQ&s
374,AR Patel,https://encrypted-tbn0.gstatic.com/images?q=tbn:ANd9GcRMFSmWgnK988NK_-Y0hAMwyzHX6HYIE6GhCWrQwzn6e2_icCQip9a54qww_Q&s
375,JJ Bumrah,https://encrypted-tbn0.gstatic.com/images?q=tbn:ANd9GcSV8A4egMbtTUuJP52_CaL1MTCcZLOHJKFjeq0durxO4aq-ge8G978gO7uAQR0&s
376,JDS Neesham,https://encrypted-tbn0.gstatic.com/images?q=tbn:ANd9GcTmnvM6h-pXt8NcMpjDB7O9gT_dsJ_a5iYEMcWsD7FOrE3vD8EnPeRl3WBq1A&s
377,TG Southee,https://encrypted-tbn0.gstatic.com/images?q=tbn:ANd9GcR-sFo0IMnYVh5I719R6t_ZlGhHGfpOuy9sRKGC464uwBHzffVbRvV_xnfiVQ&s
378,MA Starc,https://encrypted-tbn0.gstatic.com/images?q=tbn:ANd9GcSWMaUVIU9_TyIHNkhEFW_ON8Hw8NQN-uL7kYtmOvI-SgOYZcEQCyfCr1g-hNw&s
379,BR Dunk,https://encrypted-tbn0.gstatic.com/images?q=tbn:ANd9GcRPSiXemPn_gQfJegP4g2HfqSkq6noqKMZT-6-UktjOmpRwy2Ys6KdLyusEkcg&s
380,RR Rossouw,https://encrypted-tbn0.gstatic.com/images?q=tbn:ANd9GcQnMrXofIjrRe9kjyZSJbU3m989GLbPFj1Xj26--_t421saAc-JtsLVCfnKRg&s
381,Shivam Sharma,https://encrypted-tbn0.gstatic.com/images?q=tbn:ANd9GcSO39OPBm3wq4WpHhHYTVp6QVrt-cibWuCAxH0m0Gh55zAhKrWqPy_BVMKwufw&s
382,YS Chahal,https://encrypted-tbn0.gstatic.com/images?q=tbn:ANd9GcTt6fYj0VjgK8DzdqKZYd1j1VT9O2oKOOXRWQstH_5FWnfA3ocrQ6-qGXs8EQ&s
383,LMP Simmons,https://encrypted-tbn0.gstatic.com/images?q=tbn:ANd9GcQ0AHmXbAuk8iWcVa5PpHZY59ZFX6b9fIZIQSoPenSIJJINFCItmePG0f8teEU&s
384,VH Zol,https://encrypted-tbn0.gstatic.com/images?q=tbn:ANd9GcR4yrkpbYHCbYVUKgJP6KB6OCgX5RD-ml0hfye1pYZMrvJRRbt2gDCnzEVI4P8&s
385,Imran Tahir,https://encrypted-tbn0.gstatic.com/images?q=tbn:ANd9GcRIuzEnXpwEz7W6-nqaJ_FEcweP00ZuhjfyDgk84OTyMzX9Ao2LlX1w-m98ug&s
386,BCJ Cutting,https://encrypted-tbn0.gstatic.com/images?q=tbn:ANd9GcQhRz9skIp94U1NuDNZVuvKbKkls1RMWMmqluR9thOufzqs8FSLO57YsdI0Oig&s
387,BE Hendricks,https://encrypted-tbn0.gstatic.com/images?q=tbn:ANd9GcRNIFNPp1Jbosa82QCpiaGQmdnsO07Sl2tfTtwasOL2Rmq7iGNZpyQdijBAlj8&s
388,S Gopal,https://encrypted-tbn0.gstatic.com/images?q=tbn:ANd9GcTt0JqDFHo4x7yuHRXkTcTXoVv96ylzBhdgzZWMVXE_UbzsVSBuGZGBHDci5g&s
389,M de Lange,https://encrypted-tbn0.gstatic.com/images?q=tbn:ANd9GcRH-VJZ8rzxkp6BrdXrgXzsSnsBOmhN8_qtNoIigQYl_ucvt3cDHSANW2r78w&s
390,R Tewatia,https://encrypted-tbn0.gstatic.com/images?q=tbn:ANd9GcRMBKNbO0I2xGRcfXABDaB4dUex4SyK1w3XELhTETCwkhU3vKvu5bc3lydvAg&s
391,JO Holder,https://encrypted-tbn0.gstatic.com/images?q=tbn:ANd9GcQr2K2XHU4gAcduhHdeM3VdZDmk7XZ-QTMcGbUhA29-AlkWXtp86bWY_TA9xoc&s
392,Karanveer Singh,https://encrypted-tbn0.gstatic.com/images?q=tbn:ANd9GcQCa4I8TdlI6Lj5hlfzgGTwnMSlrg_9DbA0AF4e_TPDEUFQ3QrTzKuSujOKajk&s
393,SS Iyer,https://encrypted-tbn0.gstatic.com/images?q=tbn:ANd9GcQ34oeYXuDPyeAFdssXJ505tMDsp_PeF1FD-o702NtNSFt3hUx0BHwfxVyWchA&s
394,DJ Hooda,https://encrypted-tbn0.gstatic.com/images?q=tbn:ANd9GcR6zywrTLkOqDDj6ACfGUxhgq78paOxrG1TybL0URbDKUnjfaZFz29n5fmCdS0&s
395,Anureet Singh,https://encrypted-tbn0.gstatic.com/images?q=tbn:ANd9GcRnZxKqTaPi5y2h5OCyRcIH23RNthHXYPAjmuSLEW11yHxemdrIKoJBCnUsng&s
396,KS Williamson,https://encrypted-tbn0.gstatic.com/images?q=tbn:ANd9GcSa9oZ5uUet2SgT0ijQ8mQ7CsIBxIEZ1aqi6rqEDlFULvoiwlYrCr8-o_RZNQ&s
397,SA Abbott,https://encrypted-tbn0.gstatic.com/images?q=tbn:ANd9GcTUN5B6l8DSZmrvGcoThYmYfedHViUf2NOsxyf7Ej55Kyc2BgQ9ySZ6FhVwRg&s
398,J Suchith,https://encrypted-tbn0.gstatic.com/images?q=tbn:ANd9GcRzZNm0DMWZ-cIzXjYrI57jcoGTVOmiDk_mOFtlAOYRUji5S2bv7wycTnuP_w&s
399,RG More,https://encrypted-tbn0.gstatic.com/images?q=tbn:ANd9GcS_VPuSWtzSEa1Q-Ht7wr0c6T_iL9sPE5UMOb89kTjytpwLwCge5-mEwA77Fg&s
400,D Wiese,https://encrypted-tbn0.gstatic.com/images?q=tbn:ANd9GcRxedCbNwp9hxxrvHCnpGaP7vnhI23xU9tQ4u-6vMV165Avs0LYx4Nh1GGXrw&s
401,HH Pandya,https://encrypted-tbn0.gstatic.com/images?q=tbn:ANd9GcQWYyBLXOszGSL26TnNahjuhm5zWxe6unGw5HCp2Ftkgqhse04xbZXgMRZmSA&s
402,SN Khan,https://encrypted-tbn0.gstatic.com/images?q=tbn:ANd9GcTpG7BRfZWFdfrCXazd7vk_uHFCSlbfgTPnfHZw5VnqlOBpjcEqv0EOrXqKeA&s
403,MJ McClenaghan,https://encrypted-tbn0.gstatic.com/images?q=tbn:ANd9GcSPSPbe1VVK583qiHUWtSKAXgqvKJYrDMGoUu7LGk3xTc65BQGhIeI1WSJXUDQ&s
404,DJ Muthuswami,https://encrypted-tbn0.gstatic.com/images?q=tbn:ANd9GcRMcDoc6s2Iqzy67QD83tRk3Pb7W2jm8aNcaYn1RvmH_W-Z0IsrRpMMmnW9jUI&s
405,PJ Cummins,https://encrypted-tbn0.gstatic.com/images?q=tbn:ANd9GcQMpOPwUD_OUNcdMv8ZZdOT9GwD5X32b78oBAmTmjkn2aSnM611TnyzYD_B7Xc&s
406,SN Thakur,https://encrypted-tbn0.gstatic.com/images?q=tbn:ANd9GcRipc8ttvueZZ3OJmo8RcA3Ks0dmMMi-gQkrB1fDQbigWtKBeWcHOjFnxo01bk&s
407,JC Buttler,https://encrypted-tbn0.gstatic.com/images?q=tbn:ANd9GcS9PcTNzuGbmJE0GHwEf-Mp06M_Jqto4Uq_3VnHOmksiB4TyopbrKze3U4P660&s
408,CR Brathwaite,https://encrypted-tbn0.gstatic.com/images?q=tbn:ANd9GcREICSetwOxedbuxI2lnVtxljnS-tDlWuZ5qQ6--WrMOxlQ2IlrdilVuuxt0Q&s
409,MP Stoinis,https://encrypted-tbn0.gstatic.com/images?q=tbn:ANd9GcQINZME5uL_aTCn_TCe7uWtL-fA5XLqcpRtfvbrsdagR0bb87-3b6IOoQlnMw&s
410,Ishan Kishan,https://encrypted-tbn0.gstatic.com/images?q=tbn:ANd9GcQzKHIBRVnz4GH5bNvmOJX4tjGjzyQUshhQ7t4RdM0ARgJMnSZG3CjZ0yZOWYc&s
411,C Munro,https://encrypted-tbn0.gstatic.com/images?q=tbn:ANd9GcSGmUchl3BT1y-PTbw3HDpgGj_RqbFXUEumlORp_gidvMV_88_Ub1z7Je6wfXI&s
412,P Sahu,https://encrypted-tbn0.gstatic.com/images?q=tbn:ANd9GcRXzNd8AxRwaE63I2sB8L9ipNNN6sdefJjz_7T0Xv2EMleWo5Vmu4Nu9T_GCQ&s
413,KH Pandya,https://encrypted-tbn0.gstatic.com/images?q=tbn:ANd9GcQNbLKcACmuHNUPar1SHLbRM8DQmoqom45qDLD4gQVJuc2itTtHckgM6OBFLQ&s
414,AD Nath,https://encrypted-tbn0.gstatic.com/images?q=tbn:ANd9GcQ9Uh8Qecu49-Ak2iXckQexW2eLHwfYFRFAaZq3wgy98BoNYiQATlQWKViSYLY&s
415,MJ Guptill,https://encrypted-tbn0.gstatic.com/images?q=tbn:ANd9GcQ1jGuYkXyJKAopqWdO7VEv7hY51zC4ceiZgPJc7XkmfRmTYuTLYJ1CrUXtCFc&s
416,KJ Abbott,https://encrypted-tbn0.gstatic.com/images?q=tbn:ANd9GcTUN5B6l8DSZmrvGcoThYmYfedHViUf2NOsxyf7Ej55Kyc2BgQ9ySZ6FhVwRg&s
417,TM Head,https://encrypted-tbn0.gstatic.com/images?q=tbn:ANd9GcSIzJv5mWraSebF5QkNWDxsWjYB-WnpUmedbR4g79Iw87x05mdBhveVTKsmanY&s
418,M Ashwin,https://encrypted-tbn0.gstatic.com/images?q=tbn:ANd9GcTk3M5ZEMMNFvb6HxD5JHRnMny35m4M_QkiUbBcMMJyjHZWfDc7kdc5a_e2NA&s
419,NS Naik,https://encrypted-tbn0.gstatic.com/images?q=tbn:ANd9GcT6aARNyx-8LD0Aw_hYXYYBa83jc1G1IaxPqaD8x2yKkvREISTOv2xicskybQ&s
420,RR Pant,https://encrypted-tbn0.gstatic.com/images?q=tbn:ANd9GcTUWOm5IN6v06Ud1PbES4uG9GhWjjZ6hUG8IyTCKClaoVpehRCJCK3ptWxaPSI&s
421,SW Billings,https://encrypted-tbn0.gstatic.com/images?q=tbn:ANd9GcTQfxsA1cSpiv6Nds0MWdvgWcM8NJDh97AwH5ZZA4vX5vVmo88IuQgnduVPbAc&s
422,KC Cariappa,https://encrypted-tbn0.gstatic.com/images?q=tbn:ANd9GcQGBgDk7gETWeLm1u0mvmrhytmLgnhNufDAvQSHqXOXT5mdhHCP5MA13K8-Wh0&s
423,PSP Handscomb,https://encrypted-tbn0.gstatic.com/images?q=tbn:ANd9GcSXfpk1I4Z1yL9ayy236C945NPNAEKw-K0QNUG2Bru6sUPOJ2Q9cEhYff6tRQ&s
424,Swapnil Singh,https://encrypted-tbn0.gstatic.com/images?q=tbn:ANd9GcSJfnLHoCeYaSQ8rsIhARVk2Kjw6dYYSBNrdM2kQpTWMnHszoUhX6JRr5wuSg&s
425,J Yadav,https://encrypted-tbn0.gstatic.com/images?q=tbn:ANd9GcQrw8HLVyvUT4Fwn9i-8UnXHRNd0d1-u8QXESz7lliX-lSqgTopsoXVeek0Vdw&s
426,UT Khawaja,https://encrypted-tbn0.gstatic.com/images?q=tbn:ANd9GcQVC7OsacjidFbY36jZI6O0RaA3CsbMGrWkgoUCPU4uGwkUo5IcsaTmEcy5Zg&s
427,HM Amla,https://encrypted-tbn0.gstatic.com/images?q=tbn:ANd9GcSXIsffdFKfujeforSaV5C-ZGiCa8FB9_S_S-4-6TmEEd2uLCseWPjzemuDog&s
428,F Behardien,https://encrypted-tbn0.gstatic.com/images?q=tbn:ANd9GcT8HltrRYmUWx2oKS5la0A2TYsgG3p-bGedF2P4CCm-MrZ2j8-pbKWD3ctQLUE&s
429,A Zampa,https://encrypted-tbn0.gstatic.com/images?q=tbn:ANd9GcSSwP7rNucu0z-HmIU3N_MHsFJSNGR_WKy41F2REHg-tv6EVsWnufaXldigDFY&s
430,BB Sran,https://encrypted-tbn0.gstatic.com/images?q=tbn:ANd9GcTnL3R-KSiJqmmi9amsA-GrxBF0FDHNomG4lwLWvePa-yY_Rj626F-8yaQTg_A&s
431,N Rana,https://encrypted-tbn0.gstatic.com/images?q=tbn:ANd9GcQLnoHbMwuLIPJ1fc9EJ9YDcxVxRwGDJ-naMSznFOCS5TYH2je59q-Ft6CXKUY&s
432,S Kaushik,https://encrypted-tbn0.gstatic.com/images?q=tbn:ANd9GcRN9aXeSrF3HkCQziBVT2AhSZzp-OpMRXdWzT14fWGXN5YbgLu0ejiC2xdVGA&s
433,ER Dwivedi,https://encrypted-tbn0.gstatic.com/images?q=tbn:ANd9GcRyfutX9_QOzlzXoVyYC52PeXldYFHiZ86T6feX0360wanMVQ7DHdlrrNkF2g&s
434,CJ Jordan,https://encrypted-tbn0.gstatic.com/images?q=tbn:ANd9GcQ0w83cH-I39YIN3W28mXnRPCqBkuQzGaYlCa2CkmrguwcdQyB0zESR191Zcw&s
435,A Choudhary,https://encrypted-tbn0.gstatic.com/images?q=tbn:ANd9GcQsuXGRJExIgXdK6mp8UczQMYspP-qj7oIofcm6TK8kdclQmRZsOtkQUnC0xQ&s
436,TS Mills,https://encrypted-tbn0.gstatic.com/images?q=tbn:ANd9GcSmAYa-ozP37U59TpS6cpcgSjIQ-Opu79W5BN6jvI1wiJ8jvovH1lYpMWd-28I&s
437,BA Stokes,https://encrypted-tbn0.gstatic.com/images?q=tbn:ANd9GcSJQNTUxiAiTfXdAnU629h4zkLIsY5RhzCegaoO95iT_pA9Wq6K1ys3V4qi7oc&s
438,JJ Roy,https://encrypted-tbn0.gstatic.com/images?q=tbn:ANd9GcRUHToBWaYjMqss6v7xmduvNXBTEpZCh30fnX-jwhVwFe6EBZIZDrS-9V11Wjw&s
439,Vishnu Vinod,https://encrypted-tbn0.gstatic.com/images?q=tbn:ANd9GcQgA6kvw7jiNo1OHv_Z1kx0r184gHjzPQo6D6RWdQN1PHytT-Krd-Jh7OnQRw&s
440,Basil Thampi,https://encrypted-tbn0.gstatic.com/images?q=tbn:ANd9GcQBuQISSMWyO-83gIo3-g-n6VkWoLFD8AXgfFcd7gMoyRyeOb6yLg7jHCvMyQ&s
441,CR Woakes,https://encrypted-tbn0.gstatic.com/images?q=tbn:ANd9GcSHmh8_NKht4SW2gIfxjq3e5gsLOjO1vaZzEI8sCcmmTAc3ZtsqfzgkzMFezgI&s
442,RA Tripathi,https://encrypted-tbn0.gstatic.com/images?q=tbn:ANd9GcT54xRhJSmDkbMhkOaILGUK_Fy8edX69dUunG3VamzxNrXBajspgkq-X1EpnA&s
443,DL Chahar,https://encrypted-tbn0.gstatic.com/images?q=tbn:ANd9GcS2molCfCaibf6UjFwLDS_ga2K4ne-Mr1D77GtQU3K84Bt-qHLZIlJvbJkg0Q&s
444,V Shankar,https://encrypted-tbn0.gstatic.com/images?q=tbn:ANd9GcR76kwJ5oL02__nyrIyFWxWfFc7B816JYOtBsPQ_GsnKnBLxHtO4M1-5LDRXRo&s
445,Rashid Khan,https://encrypted-tbn0.gstatic.com/images?q=tbn:ANd9GcTseN9orTU7G2GTqWFs0e0zeIH1FMoY7WFZxSQw6rSINJFC2KC2KqTI5H365A&s
446,LH Ferguson,https://encrypted-tbn0.gstatic.com/images?q=tbn:ANd9GcTX2PfhZ09t-fv4oVLksufTwDD6yySVTX15b2AQN3Jfsvg-CoxtCrEpsEKL3hc&s
447,RD Chahar,https://encrypted-tbn0.gstatic.com/images?q=tbn:ANd9GcQIMJ6tFEh0j8a9qtW4ChESZcq9mtSoiz4aCzvF25ZfZYdQyF-NylojX2gqN8o&s
448,C de Grandhomme,https://encrypted-tbn0.gstatic.com/images?q=tbn:ANd9GcQjD58GFrhjiy4bnkmdJ0z7bu8SQeW8IunPEt4pGYm8yW21l9ygOntHSEReJYs&s
449,AF Milne,https://encrypted-tbn0.gstatic.com/images?q=tbn:ANd9GcQF5-8TGBO_6vcHyeyoSZrjSoSjWY_OLFR4fiMtK9INelStYe2tzIhNULgt9w&s
450,S Badree,https://encrypted-tbn0.gstatic.com/images?q=tbn:ANd9GcSo4yoDgPcpkalU-8TSfSyIYK_aK86gHUd7ap52LQY1zKVmRY5aBX0ZXMMtiA&s
451,Mohammad Nabi,https://encrypted-tbn0.gstatic.com/images?q=tbn:ANd9GcSSgClREmvU41drXw08yZaq9N5jGIRI_KWeris0fPSDLaDT03B2SegJcMrkFw&s
452,AJ Tye,https://encrypted-tbn0.gstatic.com/images?q=tbn:ANd9GcTTeKiVQOjlrqBzFI6kb761eRmAWsFE8tz58Sf9l1vgJ6cbrKHlsAvFVzhijg&s
453,K Rabada,https://encrypted-tbn0.gstatic.com/images?q=tbn:ANd9GcRvabCnhZja5VHx24PNqisNgQxeV7UxM5iTaGxVV6kHYb3KRYXJrn5jUduv-Q&s
454,Kuldeep Yadav,https://encrypted-tbn0.gstatic.com/images?q=tbn:ANd9GcRfM_MlaOaF533dtdF1OkbNqgg1pUIUqAmGKBhTDa6zeALAJ_mEOTwcC8ZVOQ&s
455,Washington Sundar,https://encrypted-tbn0.gstatic.com/images?q=tbn:ANd9GcQNYOQyx9djxR-TVawFt_tRmeLnQR53-mnX8CikydsHmLljYc_tezl1cTP0u-A&s
456,DM Bravo,https://encrypted-tbn0.gstatic.com/images?q=tbn:ANd9GcRoEX3LyNY59jrQJ2I_ahFHi4mMUIOWxM9t_ztNtmjLzS1UR1akjMQrBFWE3EU&s
457,AR Bawne,https://encrypted-tbn0.gstatic.com/images?q=tbn:ANd9GcQOPNhacaGo3OBouEgV-Jlv9l1ajs7U_cGEg6ws919AvIvsX7VHCo6zrWVZGRc&s
458,SP Jackson,https://encrypted-tbn0.gstatic.com/images?q=tbn:ANd9GcS9uJSApggR4RqVR0HFRIHZySrzzcd7y36XaPCvEgsClfJNZO_rpXmoM_5KTA&s
459,Ankit Soni,https://encrypted-tbn0.gstatic.com/images?q=tbn:ANd9GcTkl8h1NAAZVu2NYynnvyT858wvlMI-91N9p2QuMzH2WFtvyCPPpYpPhNnLb1I&s
460,TA Boult,https://encrypted-tbn0.gstatic.com/images?q=tbn:ANd9GcRJPCfBz-8iYbIoJ817pyQoJi60M1F2EGxO0r6UM46L4bSp0AZL8RJINa6V8GM&s
461,E Lewis,https://encrypted-tbn0.gstatic.com/images?q=tbn:ANd9GcQxsSWNbwgThbFk1U0xoRetwhRnoXaUzp2IqUx35xU2NtwIY_CP5BI3Nww_whE&s
462,MA Wood,https://encrypted-tbn0.gstatic.com/images?q=tbn:ANd9GcQ7XtISZ4yWRd-x7PrugdgBmvS8j2SyJSmpk1M6O3YXMKdrmUlRNoBqmvFFSY4&s
463,RK Singh,https://encrypted-tbn0.gstatic.com/images?q=tbn:ANd9GcQ8MyRlqnlZ46PXRq4awIJJaqF7H7P4RUoOai2PwejuZUPXoaetpFUgC96X7g&s
464,DJM Short,https://encrypted-tbn0.gstatic.com/images?q=tbn:ANd9GcSkIem_CoFTVs1VFzXDNj2b8EFVWAsmf2lWhMo38um9o-0-kKrB4eGp2dUc590&s
465,K Gowtham,https://encrypted-tbn0.gstatic.com/images?q=tbn:ANd9GcQmU6_hImU-Ui6wCrImdvwdwD8TgYaZcMm49QiOgT6uGZQCCQ_Ll2vHdK0ErQ&s
466,TK Curran,https://encrypted-tbn0.gstatic.com/images?q=tbn:ANd9GcQqh9Kt8GbMJDz3HGv-g6sygaqSUlg76exK0fVnktFP4FEjBFmsIf9rL-Jdzg&s
467,M Markande,https://encrypted-tbn0.gstatic.com/images?q=tbn:ANd9GcTMcuC6YoHHCN736uEuppm2gwcaUflbwDUZJQNV1qefzeOCueDTvnKlADNY8UI&s
468,B Stanlake,https://encrypted-tbn0.gstatic.com/images?q=tbn:ANd9GcR3TlZ5498_eMVTS_0W2gVYlaVc4Mgzqn_Y2_PTdu5qoJ844-QCGVvCYqQxHHQ&s
469,Mujeeb Ur Rahman,https://encrypted-tbn0.gstatic.com/images?q=tbn:ANd9GcTMWDAywswtV5hVa579EOsQdpG3LF2X-iKA0gzVdx3tE1xn4lHWuPwIezA-iSs&s
470,A Dananjaya,https://encrypted-tbn0.gstatic.com/images?q=tbn:ANd9GcTKJoiFYA_vhrAJHA1DHtcWs2BCuaJQnhW25keHz6yCa_ug8FasOxG_wiT1FQ&s
471,Shivam Mavi,https://encrypted-tbn0.gstatic.com/images?q=tbn:ANd9GcRWmUOtk0O5T0esARMThlqnVzazVvuJye9uUUIL001ASe3Azuuxxrge_nBccA&s
472,Shubman Gill,https://encrypted-tbn0.gstatic.com/images?q=tbn:ANd9GcQDBJscKGGukeZr7tkaTGyG-VYGp3yoOlYMv8R7FAPoNdaexf67L9ncfdpr1A&s
473,Mohammed Siraj,https://encrypted-tbn0.gstatic.com/images?q=tbn:ANd9GcQCXR7kPDQn1nit9YpQVRVPNiCuRHLga1JYfYVSzGZcoP_glmET6EufMoMPXA&s
474,H Klaasen,https://encrypted-tbn0.gstatic.com/images?q=tbn:ANd9GcQw0h6EszctBsR_5WMpMHYKqiInCtqO0p9zU_2eHithw9ZE5sS99aW_lYRmuCY&s
475,RK Bhui,https://encrypted-tbn0.gstatic.com/images?q=tbn:ANd9GcQx7xmU2raCIwD87LwYZ6xLfUMLCukJulIQuUqqBMmBcRpPtfO3Rgg6hTrAZQ&s
476,JC Archer,https://encrypted-tbn0.gstatic.com/images?q=tbn:ANd9GcQOqi7PQCoRs5p1dwhs2Rs6zRqMMLrosxENt_PKXJolqIswPrvtGAogfNyoqw&s
477,PP Shaw,https://encrypted-tbn0.gstatic.com/images?q=tbn:ANd9GcQo4SquE3VaxyDJEC-lEKBmne23uBt2udrRe0sux4IUuKa4k2DQsEIYKKtAAA&s
478,LE Plunkett,https://encrypted-tbn0.gstatic.com/images?q=tbn:ANd9GcRx9LwQovpJxEZkL1Lv4sKfQxPD4XJ0gHwR50cEoEsJEbzQi-XPmYaPMy9CL0E&s
479,Mustafizur Rahman,https://encrypted-tbn0.gstatic.com/images?q=tbn:ANd9GcSy00V83Ys6M4mloRfctRBFWZMAMC3E0pNW3Sl76ou5pVtBNMnFFb-wVj1y0Q&s
480,AD Hales,https://encrypted-tbn0.gstatic.com/images?q=tbn:ANd9GcQRuwNBE31N08LM7miq6j_PJEXyQbIeZg4hasR-jBP7zUaHOagGhCAAYf_80g&s
481,MK Lomror,https://encrypted-tbn0.gstatic.com/images?q=tbn:ANd9GcRjaQYTpxa-hSiCX-wZbOZiWqwCsFIWFW8Fl8q17XjgHX1SAiaETq-CSHHR6A&s
482,DR Shorey,https://encrypted-tbn0.gstatic.com/images?q=tbn:ANd9GcSeaJ0SREfwlMfeUXBxrqQxAEHpQuI9CQCXTmTkQF6o5LKyyMhLhg8i-IeP5cE&s
483,MM Ali,https://encrypted-tbn0.gstatic.com/images?q=tbn:ANd9GcSpL_tYV9bm2m16Sk4Lv5vAu_lMRh_0NKuY9Uli44r09PnmdBQlbQQEU0OTGQ&s
484,M Prasidh Krishna,https://encrypted-tbn0.gstatic.com/images?q=tbn:ANd9GcQ-AIf0o_d3vjTr0cSYbHzm2XvssUb3qRzfg2Uwk7BXA76iDY2r7PH0FcH36Q&s
485,P Chopra,https://encrypted-tbn0.gstatic.com/images?q=tbn:ANd9GcSZxl0TGCQRCCQZ997nX-QpeCjIdE7vMOY_9ecWZtoKd7w48qoYXMv_p8eBtw&s
486,JPR Scantlebury-Searles,https://encrypted-tbn0.gstatic.com/images?q=tbn:ANd9GcS4OqJo6o6dv1uqwklW7fMsXQd4Y6oEQtRSxbyPxZ2nIqjVh7DFB0iRgHoE1Q&s
487,Abhishek Sharma,https://encrypted-tbn0.gstatic.com/images?q=tbn:ANd9GcSYi1y3PAowQoTwGG50udpZRaH4YZ05oZfBUkCt1TZW_asCM7o9vMcsrpM1K8I&s
488,IS Sodhi,https://encrypted-tbn0.gstatic.com/images?q=tbn:ANd9GcT2EXt1d-cjzxgxEkYK4Eka2prkBhdF8b9srkUKstSmih5t64t8m2EEAIKTPg&s
489,SO Hetmyer,https://encrypted-tbn0.gstatic.com/images?q=tbn:ANd9GcS5bccLhixe8TjlhYsK0iNDfGI3-zYqsrUnLWow6dzDmg8hJrRFm27SbF-2Hw&s
490,S Dube,https://encrypted-tbn0.gstatic.com/images?q=tbn:ANd9GcTfo1EUmDQ3kHiVuFWHiUP7Q5U1udxS5oE7Fo4KlK2Q4nPOQQMYdzUyZymIOg&s
491,NA Saini,https://encrypted-tbn0.gstatic.com/images?q=tbn:ANd9GcS9_fQ2bfnlZ9A0OIQVvDOLVEPupjdDmnQOZF1VRlfDPg_StHvnha879PEEcw&s
492,JM Bairstow,https://encrypted-tbn0.gstatic.com/images?q=tbn:ANd9GcTdMxiuY9mTc_so6V7RcYQ7BXxYu4DNtg9MPZ1NPTzAFrvSltIA6TpQw3-WhQ&s
493,Rasikh Salam,https://encrypted-tbn0.gstatic.com/images?q=tbn:ANd9GcRT_IoYhxuTI6A4jATejZ893gQPLq5JoKML56GeeHwUZ_D732WxT5LVSJ5TuA&s
494,KMA Paul,https://encrypted-tbn0.gstatic.com/images?q=tbn:ANd9GcTyLvhH8Z4QYpHIVNIX0cE29nO0dc0HLrQCrepj9qNvy8z42kyajd46qhqnOuI&s
495,N Pooran,https://encrypted-tbn0.gstatic.com/images?q=tbn:ANd9GcRjkBD9CL4E2gfKTiMjiEVchsZbEo3pHem-WMt8bztwzbqKOOn7NCMAkYwOi60&s
496,P Ray Barman,https://encrypted-tbn0.gstatic.com/images?q=tbn:ANd9GcTJWp4lq3DpLHXhqAxaKIqJ6JgpyvRLl1wp4-bCw6CKoFXHaA0ICz-4WQF01A&s
497,S Lamichhane,https://encrypted-tbn0.gstatic.com/images?q=tbn:ANd9GcQMPbywbLsh7qhVhcoCXSXveUIl5iJ14zo-3MhOs0Lq4q4ziIS7pdtyuMLGxQ&s
498,SM Curran,https://encrypted-tbn0.gstatic.com/images?q=tbn:ANd9GcTglbEcB5PhLVgfRWKt2OmRwU-IxY-99Cu_LqZl4K864U7aSis2hVUVUJi5Jg&s
499,GC Viljoen,https://encrypted-tbn0.gstatic.com/images?q=tbn:ANd9GcSJQJ8rYn2PYatM1xxAwJDodtxnbtePcMqiekth2XqEchknT6iSA1aFsGwnFh4&s
500,Avesh Khan,https://encrypted-tbn0.gstatic.com/images?q=tbn:ANd9GcRiu1X0i20entx2z7EehyM8EdL1LtOPMO1L4Wh_SQNdwHa9L3vJyePWbL6C0-g&s
501,HF Gurney,https://encrypted-tbn0.gstatic.com/images?q=tbn:ANd9GcRuZmDsSbveuF34WEVvt-QUnjagMrOmNv0xq15ILthhKqpVvzVv5ki3CznIxw&s
502,SD Lad,https://encrypted-tbn0.gstatic.com/images?q=tbn:ANd9GcQbERSoT7B3ZW4_WabjRau3aZL11o0ZzCPcPdUO5nd2Iw9ZCB4MmLfzVdS8JVI&s
503,AS Joseph,https://encrypted-tbn0.gstatic.com/images?q=tbn:ANd9GcSQskSpLDNYP72Bw1vk3WWnvRVouqj938PQkFDr2gWyd0CqzklWEqv2sTOOvw&s
504,MJ Santner,https://encrypted-tbn0.gstatic.com/images?q=tbn:ANd9GcQUbk72DKONc0Fl73NTP405ayl6OcTBzwbAeWAqZkO1v2Fex_oHFUgqcM7FMQ&s
505,R Parag,https://encrypted-tbn0.gstatic.com/images?q=tbn:ANd9GcQJY58sKh8V8c4pxhgQp7fExtictuF0zm73eq7fWXbnozBqlegk7BNtohSDS2o&s
506,JL Denly,https://encrypted-tbn0.gstatic.com/images?q=tbn:ANd9GcStf6Y9YT2EnuOvePBbkithik4hXr3H_TYzgS3XWAuMFuNt8Yy2SnowW6EZVT8&s
507,LS Livingstone,https://encrypted-tbn0.gstatic.com/images?q=tbn:ANd9GcR8pqELOqNHu-7hlFWrC_50rIN_92JlwZzHDCLJKTYRWmoKaKs9WdH-rTF0Mw&s
508,KK Ahmed,https://encrypted-tbn0.gstatic.com/images?q=tbn:ANd9GcQgWhuB_GT6HycOTf-bJgfGF6rWoA7Hy7RiTdrq29GlpdthNMEOT0i6mS7iLdA&s
509,AJ Turner,https://encrypted-tbn0.gstatic.com/images?q=tbn:ANd9GcT8n7cDDeFerAOClAVLLyyNDzxlKje8zARSS1PKVY-GohrhSBPOXT22HXHBAg&s
510,SE Rutherford,https://encrypted-tbn0.gstatic.com/images?q=tbn:ANd9GcTw183brv1ydA4bzyy4NQf4deKj6z_ESzqrawi1j9oNbMiMwFTccC5P4TT7foo&s
511,Harpreet Brar,https://encrypted-tbn0.gstatic.com/images?q=tbn:ANd9GcTTM4j5yJmXZrKZeAFODvKRktWI-lyjyeQOZoCrR5mW8pb7N4NK1fz6EvizbA&s
512,Y Prithvi Raj,https://encrypted-tbn0.gstatic.com/images?q=tbn:ANd9GcQZzJNl4zEV-CZGRyL8Y_zTcw7ARNIO5ewQtP0kEjcG-kiIujfJZ5yqP2J3qw&s
513,P Simran Singh,https://encrypted-tbn0.gstatic.com/images?q=tbn:ANd9GcQWtXGzqZKvgPnj0YnXus9tuKP9GcxnjKJEC_BET2Slor-8UzRDAgH1qKaOxw&s
514,JL Pattinson,https://encrypted-tbn0.gstatic.com/images?q=tbn:ANd9GcTVKZhpn9UDtGYcW_Z7mdMWKwYh4yUWyiRAWT6LrUSVe3Vy1QgVaBDaV6UxU28&s
515,A Nortje,https://encrypted-tbn0.gstatic.com/images?q=tbn:ANd9GcQDf2WbNQ3LwpHE_efJ68eIKLZD5tr4H3V9x_RN1QLdDLbLgx-UrLq3J5lDfFY&s
516,T Banton,https://encrypted-tbn0.gstatic.com/images?q=tbn:ANd9GcQMvaLSmOknsbfCQIuJvqyRgelYP-yBEeibM3J5yxmYvV9ibPLHRFrg04qYMeY&s
517,D Padikkal,https://encrypted-tbn0.gstatic.com/images?q=tbn:ANd9GcSh5UNZJFt4jUN1Ylm6Nc9cCfRcUsd7_NwJzL8cPPyBWPjolhPq725tgZzdiA&s
518,YBK Jaiswal,https://encrypted-tbn0.gstatic.com/images?q=tbn:ANd9GcRJEqAJRmQN9GCvlVqPTIFYJK5Of0o1NP2Tkp59yBfcNVq2d-LjLfaZoDZkBw&s
519,RD Gaikwad,https://encrypted-tbn0.gstatic.com/images?q=tbn:ANd9GcRPIWLZ__mmMNCzv8a3N63PBge9DV5lo457wzo6FC0-LqkKGvfl3WAIlbnxmg&s
520,TU Deshpande,https://encrypted-tbn0.gstatic.com/images?q=tbn:ANd9GcSRwAExbhjoqCSoiGEVD5cXtd941jOoUwkhpPT36GzMFMOFVHkFJC7tTecn8g&s
521,Abdul Samad,https://encrypted-tbn0.gstatic.com/images?q=tbn:ANd9GcRmBHJnwAKnN3fg0rfkd50n3YJJEMjoF8iuGwJYLrYGFLL9rxe7eccNfykJnw&s
522,PK Garg,https://encrypted-tbn0.gstatic.com/images?q=tbn:ANd9GcQ51pjwkH1Y7s296p2Y7pt_-N8FYTw0RXI7njMiF2cu4l6K7wfYFXzd1EXuD04&s
523,JR Philippe,https://encrypted-tbn0.gstatic.com/images?q=tbn:ANd9GcRhcQX_VL2YArSOs9-pitQKvy3K9eh94fT0fNY760UPVpQq_XhK6T5xLRAIVQ&s
524,Kartik Tyagi,https://encrypted-tbn0.gstatic.com/images?q=tbn:ANd9GcQbbW2GXn54AHTY8GLLVzaGxctXM6Q659xrl42ElwYUzpXpssIWw76tb5RgkA&s
525,CV Varun,https://encrypted-tbn0.gstatic.com/images?q=tbn:ANd9GcRLEaAyXya573dcJRZmLebFtiCfk4mu8nvpOR36uIJnq2ZtqWOcI5ayCrFJyQ&s
526,KL Nagarkoti,https://encrypted-tbn0.gstatic.com/images?q=tbn:ANd9GcTzu9rA82a1-016IpaWyrkwQJoKrDAjvNBXZD_gxvN3u_VP2j18ThLGGrt3rQ&s
527,I Udana,https://encrypted-tbn0.gstatic.com/images?q=tbn:ANd9GcS8N1092VCT5BQCu0DY4wTTKi27II6gtLzNAn8WCWWOviObL7Ydc_nim1vmZis&s
528,Ravi Bishnoi,https://encrypted-tbn0.gstatic.com/images?q=tbn:ANd9GcRtDSMeA7mIREEEDoIKDJ10B8COCRJa6y_lPPym1FhZef0i0FR57hcskREuWw&s
529,Shahbaz Ahmed,https://encrypted-tbn0.gstatic.com/images?q=tbn:ANd9GcQRKLYCsR55Zcv81hwsVV87CqkruPu6ORLge_2b6wYwwvJAYCcHIyzkJqDkHg&s
530,AT Carey,https://encrypted-tbn0.gstatic.com/images?q=tbn:ANd9GcQ0W98hZW8zc6Bs5g4mCiDNNyDnFK0qbMqlKHRu-Ox84h7CnbIBn43R166mw6c&s
531,N Jagadeesan,https://encrypted-tbn0.gstatic.com/images?q=tbn:ANd9GcTQecYHoor_vCkqwunbmhKdqNoVAL0B3DNMphvNVPDD1Xam8DB6F0zUhsyexw&s
532,T Natarajan,https://encrypted-tbn0.gstatic.com/images?q=tbn:ANd9GcQOgoUjGpzy5FYerdppYLmdinKz5BX0h2WjwEfXxI0ls9IchnJOfXKFF2a2QQ&s
533,P Dubey,https://encrypted-tbn0.gstatic.com/images?q=tbn:ANd9GcRDXStYHkpK0F55BTscAOb2KMk4eETAcs1nt20M0Ng7TpWFPRVnlP9OtfZNwQ4&s
534,SS Cottrell,https://encrypted-tbn0.gstatic.com/images?q=tbn:ANd9GcRDPx3lM3EjnPqn8f-tXpVlu221GUA8VNmEb8zWx7sn9CPbmY8TYPhUK0ivYhA&s
535,Arshdeep Singh,https://encrypted-tbn0.gstatic.com/images?q=tbn:ANd9GcRae2lLU1Uaa4UKGbPjJpV53poy6R4a2EoFVYDVvhLsBrFI1gYvPYBcL6gezQ&s
536,DR Sams,https://encrypted-tbn0.gstatic.com/images?q=tbn:ANd9GcT_NM_oQSNYsARPQf-0GSKqSSG-mCVcM4eEQuAyWLgvMWkEJCeuGqhPycwx8w&s
537,A Nel,https://encrypted-tbn0.gstatic.com/images?q=tbn:ANd9GcQ2N1W07dY0ErJWxitnaxAcvET6P1yfz5kiNWZUDEFERrYrneGxguyemkrR9w&s
538,C Ganapathy,https://encrypted-tbn0.gstatic.com/images?q=tbn:ANd9GcRAjmKY1q6KuE9op-UEY1aXqFI9ckoCe0SD5XmcCVQDIRX8kYFelg3eJiAILA&s
539,TP Sudhindra,https://encrypted-tbn0.gstatic.com/images?q=tbn:ANd9GcTXBzsTgT5DlyLmUlyauN3IzC44kNUjMG3gIz2B8-8WQR87pLC9GQTfO0vOba4&s
540,BW Hilfenhaus,https://encrypted-tbn0.gstatic.com/images?q=tbn:ANd9GcSD2Big0oDOumoHILLKjmjITZZQzY761m5yLnC93XjXS2NO70iQGc6QBNTSZCA&s
541,P Amarnath,https://encrypted-tbn0.gstatic.com/images?q=tbn:ANd9GcRo6PcY-cp_yEaDubcpB-NpOclGjq1wAZ450SAdY9OVPcSupjnjoIJNoy9JWQ8&s
542,B Geeves,https://encrypted-tbn0.gstatic.com/images?q=tbn:ANd9GcSNhX09j_KQM5lU2fLFR_wUxGbHGoY5qsJ_0PBgP5DBKKf-P8gzS3O55VUwMA&s
543,Gagandeep Singh,https://encrypted-tbn0.gstatic.com/images?q=tbn:ANd9GcQLLixaihSfQOCguioWaBlt4vUb_BjxNuKYis0dk1wNIvmhm3qXIQH4WRP65g&s
544,AM Salvi,https://encrypted-tbn0.gstatic.com/images?q=tbn:ANd9GcRGLF5UpEs0cYe-9N3N_Rmux5IoxnQGOs4r3_NxwTYlmg1LxzTVRsEcKJfZSg&s
545,RR Bose,https://encrypted-tbn0.gstatic.com/images?q=tbn:ANd9GcS-1PSAS4_V8S01dVjQEjrbclqOqjIH3VlC-cCdhdW2BYDs9jvPXqgh8v5s22k&s
546,SS Sarkar,https://encrypted-tbn0.gstatic.com/images?q=tbn:ANd9GcTMqQAD6yC8fSca974fF8uZ9S3v8CXZX42RT6DMMHh8qoFsuEBCg8u0RQ0ZcUE&s
547,RA Shaikh,https://encrypted-tbn0.gstatic.com/images?q=tbn:ANd9GcRHT5FDIUE0nis_qOveBS5AqcNf2BAuRUoZsaZli57hZHh1LfcpGpEqaWN7Mw&s
548,MB Parmar,https://encrypted-tbn0.gstatic.com/images?q=tbn:ANd9GcQMuWvGrIjYbSEiQeaWwDmULfFGJwWA7ViqBaAU41kSgOkumT2lAVamlu8kt5k&s
549,AA Kazi,https://encrypted-tbn0.gstatic.com/images?q=tbn:ANd9GcTp6B-t8uszzSFGLBNirumzURhXo_AjmfRYRbAT_NfRgLfqX6YWiQF-wqSVHQ&s
550,Anand Rajan,https://encrypted-tbn0.gstatic.com/images?q=tbn:ANd9GcRS67AfmuEn6rnnYZPeTWyo7TQM1ExuWpNPXIGjGecq38nfkRicZEKBU_eSqw&s
551,P Prasanth,https://encrypted-tbn0.gstatic.com/images?q=tbn:ANd9GcSHRkLTP1mlfzJIG8k931pV6JGXUcZtENeQNDT5wZjUlFONHB9Yfv09GuBMzfU&s
552,SS Mundhe,https://encrypted-tbn0.gstatic.com/images?q=tbn:ANd9GcRIsUbN7_Gek5UbF2lomxrEIFDJiN25oriS6JZIJ6ZZBCYgpUXOiXO5pmISkaI&s
553,RW Price,https://encrypted-tbn0.gstatic.com/images?q=tbn:ANd9GcSW5XXo6OBhf4M6vae1nw64CghpkNU1nFOE8RTo8d_bcXWBsIXzvjOKvqYiKsU&s
554,Harmeet Singh (2),https://encrypted-tbn0.gstatic.com/images?q=tbn:ANd9GcQcJ28nJRPcbjpN3DUASDurvT2i1Mdqh1J7Aabnm6SqMfq-yym9mZOKj1_TCRo&s
555,P Suyal,https://encrypted-tbn0.gstatic.com/images?q=tbn:ANd9GcQ7dGYNZwBRwRT4kLRHNWeNdNbf8adj20trWgHL9a0T9ExzOGxctokN_l5Hsg&s
556,MG Neser,https://encrypted-tbn0.gstatic.com/images?q=tbn:ANd9GcQ0Sf8eOQOpEdUqod01fG8GYeTVnM4pr4IiVJag3oGmGdyYrFUfudvFNhgKWg&s
557,K Santokie,https://encrypted-tbn0.gstatic.com/images?q=tbn:ANd9GcR3sRb4eUsSrU6zt7GpuOD3i_P1W2sPZ_R70fSMbQTZarR9YQy7jICy-Eoygg&s
558,JW Hastings,https://encrypted-tbn0.gstatic.com/images?q=tbn:ANd9GcRc7P9EVTuDpI_p26lazYqI6ZECUxAKzMgz6s4FnOhjhACm-7DvPwB03iXDJpE&s
559,GS Sandhu,https://encrypted-tbn0.gstatic.com/images?q=tbn:ANd9GcT0qYBD86wJD2kTWgzvMcqSm4PcgqaDrK-eGiO3T2dcOnqcyZaF1ZI64OchCQ&s
560,T Shamsi,https://encrypted-tbn0.gstatic.com/images?q=tbn:ANd9GcSENb-wEd8ftTYmxDgns-XpUCcilskJPoAml8Etj52npiXIiN4634nLwx9NR84&s
561,SM Boland,https://encrypted-tbn0.gstatic.com/images?q=tbn:ANd9GcTCCVhhbmQW723M8VVGkFeAmAl4nK01XnR-a7basgDhUvRyAxLhWI8JDz5DSg&s
562,Tejas Baroka,https://encrypted-tbn0.gstatic.com/images?q=tbn:ANd9GcQzY3Q5Xe0iL7HqCrqTrJsAFTrxFYbPRrQO0l2e8hRj61YQbZj4gqXAT0_tneE&s
563,SS Agarwal,https://encrypted-tbn0.gstatic.com/images?q=tbn:ANd9GcRkXsJPRkKb1QxE6pP1mSiaz334IcXYHhY0oE3fR4skxou6_OwAEnaT5yTEDg&s
564,NB Singh,https://encrypted-tbn0.gstatic.com/images?q=tbn:ANd9GcRSlBG4RDcosstR2NVDN9vM2a5O2XmzM1CdonOdZyclv4D1fYUQ5DgFgrRAMUw&s
565,MJ Henry,https://encrypted-tbn0.gstatic.com/images?q=tbn:ANd9GcTy6kwU6IOHZEGm0QmgGF7ylzLfQS3EitdqbKy4NgCXw_L4ZkEL_gECg7Zbyg&s
566,K Khejroliya,https://encrypted-tbn0.gstatic.com/images?q=tbn:ANd9GcSy1uhwdX9vGFXJ-3fn1Y95MUkDU1DPKvL2Kv6Jv3gf0HupKmnYr1uuMZTPGjo&s
567,KM Asif,https://encrypted-tbn0.gstatic.com/images?q=tbn:ANd9GcS_szJUzN-VTHpd1wh3w4tGCiJaa2CAiIFzkTzKJk73SS7JEs7ZZw-QdgRHT3A&s
568,L Ngidi,https://encrypted-tbn0.gstatic.com/images?q=tbn:ANd9GcQhyhf8eC_RYLw6pBWsTiMdK2qdJ3Ledpmojz_NcOFR6gTzoD9CDVt0phKvKA&s
569,DJ Willey,https://encrypted-tbn0.gstatic.com/images?q=tbn:ANd9GcQ-9TgAjtG_SqhdRDvhhAQ5pDt3Qn1EiX57KhNmn-em_qPuMm08Z5hhqFZKGQ&s
570,CJ Dala,https://encrypted-tbn0.gstatic.com/images?q=tbn:ANd9GcRvvPRH_1hJZvUnaWue3KYHonkt25pAfEZIkNKGTWlmHC3hADLUaL_YWEfEYg&s
571,JP Behrendorff,https://encrypted-tbn0.gstatic.com/images?q=tbn:ANd9GcTdOYzGUPpODv2yFE85sgLbVZildO9jq8jD0AORTSrwZ5WRxcO5WsJAM7qwCeU&s
572,SC Kuggeleijn,https://encrypted-tbn0.gstatic.com/images?q=tbn:ANd9GcRQ5EufHcBuPiYeZSRyDYEqIHx9Gt1LKwObZMHfzIceub3sOBIRaGsC-8WdljU&s
573,S Midhun,https://encrypted-tbn0.gstatic.com/images?q=tbn:ANd9GcSVvq3iySj4BWX_kZ0HNcqMfynvlwM0Pft77flu7JDA8mkiEnUcFsm1eaTCEBg&s
574,O Thomas,https://encrypted-tbn0.gstatic.com/images?q=tbn:ANd9GcRWsybeXf2kE3Vqq-MJlAwLEKJ4KaoG8VlR8q8snsUeDqFLF9ZoZH_Q_Mfg1w&s
575,AS Roy,https://encrypted-tbn0.gstatic.com/images?q=tbn:ANd9GcRelp5tqbRQeEA5dvlrbkmxNO92H0GBpldZ20ArGOoPOqQs1uqOQ-fSAKxXpw&s
576,S Sandeep Warrier,https://encrypted-tbn0.gstatic.com/images?q=tbn:ANd9GcS8HWLOLpH-PIS0BCfn7HNh_iP81fsCsnLWYFAq4mDiAXRincLfBYsWXMZQuQ&s
577,JR Hazlewood,https://encrypted-tbn0.gstatic.com/images?q=tbn:ANd9GcSk7YPyLho0wb5kwHKQQClAWhBVaipHWqsQqewWXyXl1DjH1qBCVZs9uW4wkw&s
578,CJ Green,https://encrypted-tbn0.gstatic.com/images?q=tbn:ANd9GcQdu_cQA-4lQyD1Ob0mSBCKBJl90cIX7h6Apw6MpWdy3orwtN7UL__cPAWHTw&s
579,Monu Kumar,https://encrypted-tbn0.gstatic.com/images?q=tbn:ANd9GcRCbS7fyi4sy84DhnaaemCB2XNpj-2gKf9a6Yrn_0TBbOmwdVl8Eh6OGFg4YA&s
